index,NA,NS,LS,MS,S,HS,name,NA_change,NA_change_%,NS_change,NS_change_%,LS_change,LS_change_%,MS_change,MS_change_%,S_change,S_change_%,HS_change,HS_change_%,weight
-0.2,4935.6252,2087.3601,9.8586,331.3548,2026.2015,337.3074,population,0.0,0.0,0.0,0.0,3.7052999999999994,60.21646921164252,51.836400000000026,18.544897223223956,29.716199999999844,1.4884256848773112,-85.2579,-20.176266248080477,0.173
-0.19,4935.6252,2087.3601,9.8109,329.8113,2026.9764,338.1237,population,0.0,0.0,0.0,0.0,3.6576000000000004,59.441275413192926,50.29290000000003,17.992697439596117,30.49109999999996,1.5272388932690844,-84.4416,-19.983089004232006,0.173
-0.18,4935.6252,2087.3601,9.6516,326.9322,2028.7044,339.4341,population,0.0,0.0,0.0,0.0,3.4983000000000004,56.8524206523329,47.41380000000004,16.962675802380108,32.219100000000026,1.6137909956061298,-83.13119999999998,-19.67298308687438,0.173
-0.17,4935.6252,2087.3601,9.6444,323.8317,2029.2336,342.0126,population,0.0,0.0,0.0,0.0,3.4910999999999994,56.735410267661244,44.31330000000003,15.853446499407564,32.74829999999997,1.6402975769468462,-80.55269999999996,-19.062781539326576,0.173
-0.16,4935.6252,2087.3601,9.6156,321.9777,2029.6512,343.4778,population,0.0,0.0,0.0,0.0,3.462300000000001,56.26736872897471,42.45930000000004,15.190162794291911,33.165899999999965,1.661214335011631,-79.08749999999998,-18.716042230632752,0.173
-0.15,4935.6252,2087.3601,9.5031,319.5342,2030.3973,345.2877,population,0.0,0.0,0.0,0.0,3.3498,54.43908146848033,40.01580000000001,14.315980629539956,33.912000000000035,1.698585008364451,-77.2776,-18.287729730765875,0.173
-0.14,4935.6252,2087.3601,9.3924,313.9029,2034.5193,346.9077,population,0.0,0.0,0.0,0.0,3.2391000000000005,52.64004680415388,34.3845,12.301336870846429,38.03399999999988,1.905047835814262,-75.6576,-17.90435703073584,0.173
-0.13,4935.6252,2087.3601,9.3564,312.8103,2033.7084,348.8472,population,0.0,0.0,0.0,0.0,3.203100000000001,52.05499488079569,33.2919,11.910450260161765,37.22309999999993,1.864431458623809,-73.71809999999999,-17.445374714866553,0.173
-0.12,4935.6252,2087.3601,9.3438,311.7447,2033.766,349.8678,population,0.0,0.0,0.0,0.0,3.1905,51.85022670762031,32.22630000000004,11.529223120910839,37.280700000000024,1.867316528701715,-72.69749999999999,-17.203849913847634,0.173
-0.11,4935.6252,2087.3601,9.315,307.4049,2033.2458,354.7566,population,0.0,0.0,0.0,0.0,3.1616999999999997,51.38218516893374,27.886500000000012,9.976624079130394,36.760499999999865,1.84126073956066,-67.80869999999999,-16.046916299090338,0.173
-0.1,4935.6252,2087.3601,9.2439,306.1503,2032.8507,356.4774,population,0.0,0.0,0.0,0.0,3.0906000000000002,50.226707620301305,26.63190000000003,9.5277806398434,36.36539999999991,1.8214709619950573,-66.08789999999999,-15.639689297725107,0.173
-0.09,4935.6252,2087.3601,9.2106,301.6161,2036.0358,357.8598,population,0.0,0.0,0.0,0.0,3.0572999999999997,49.685534591194966,22.09770000000003,7.9056334037401585,39.550500000000056,1.9810063214590188,-64.70549999999997,-15.312544593699476,0.173
-0.08,4935.6252,2087.3601,8.7777,295.9596,2036.1843,363.8007,population,0.0,0.0,0.0,0.0,2.6243999999999996,42.65028521281263,16.441200000000038,5.881974138375162,39.69899999999984,1.9884443927535977,-58.76459999999997,-13.906631708756015,0.173
-0.07,4935.6252,2087.3601,8.7381,294.8013,2033.4015,367.7814,population,0.0,0.0,0.0,0.0,2.5847999999999995,42.00672809711861,15.28290000000004,5.46758281386844,36.91619999999989,1.8490594446149886,-54.78389999999996,-12.964599790848885,0.173
-0.06,4935.6252,2087.3601,8.7255,292.7214,2034.3276,368.9478,population,0.0,0.0,0.0,0.0,2.5722000000000005,41.80195992394326,13.203000000000031,4.72348153109063,37.84230000000002,1.8954459619612538,-53.61750000000001,-12.688571446827273,0.173
-0.05,4935.6252,2087.3601,8.6769,289.3815,2001.3417,405.3222,population,0.0,0.0,0.0,0.0,2.5236,41.01213982740968,9.863100000000031,3.5286049147390766,4.856399999999894,0.24324747094305646,-17.24309999999997,-4.080576422152971,0.173
-0.04,4935.6252,2087.3601,8.6616,285.9822,2004.003,406.0755,population,0.0,0.0,0.0,0.0,2.5083,40.763492759982455,6.463799999999992,2.3124774612333185,7.517699999999877,0.3765467243860937,-16.489800000000002,-3.9023081166390146,0.173
-0.03,4935.6252,2087.3601,8.5527,284.4,2001.6405,410.1291,population,0.0,0.0,0.0,0.0,2.3994,38.9937106918239,4.881599999999992,1.746432435217142,5.1551999999999225,0.2582137719721714,-12.436199999999985,-2.9430244272305335,0.173
-0.02,4935.6252,2087.3601,8.5347,282.5118,1998.1629,415.5129,population,0.0,0.0,0.0,0.0,2.381400000000001,38.701184730144824,2.9934000000000083,1.0709133996187759,1.677599999999984,0.08402766601887747,-7.052399999999977,-1.668949154130729,0.173
-0.01,4935.6252,2087.3601,6.2271,283.104,1997.469,417.9222,population,0.0,0.0,0.0,0.0,0.07380000000000031,1.199356442884311,3.5855999999999995,1.2827778063984336,0.9836999999999989,0.049271587424159796,-4.643100000000004,-1.0987887552527396,0.173
0.0,4935.6252,2087.3601,6.1533,279.5184,1996.4853,422.5653,population,0.0,0.0,0.0,0.0,0.0,0.0,0.0,0.0,0.0,0.0,0.0,0.0,0.173
0.01,4935.6252,2087.3601,6.1425,273.3858,2001.4731,423.7209,population,0.0,0.0,0.0,0.0,-0.010799999999999699,-0.17551557700745452,-6.132599999999968,-2.1939879449796393,4.987799999999879,0.24982903705826828,1.1555999999999926,0.2734725260214203,0.173
0.02,4935.6252,2087.3601,4.9428,271.3275,2004.1128,424.3392,population,0.0,0.0,0.0,0.0,-1.2104999999999997,-19.672370922919406,-8.1909,-2.9303616506104784,7.627500000000055,0.3820463892221022,1.773900000000026,0.41979310653289,0.173
0.03,4935.6252,2087.3601,4.887,269.343,2004.9624,425.5299,population,0.0,0.0,0.0,0.0,-1.2663000000000002,-20.57920140412462,-10.175399999999968,-3.6403328009891185,8.477099999999837,0.4246011728711369,2.9646000000000186,0.7015720410549608,0.173
0.04,4935.6252,2087.3601,4.7664,267.0075,2006.6652,426.2832,population,0.0,0.0,0.0,0.0,-1.3868999999999998,-22.53912534737458,-12.510899999999992,-4.47587708000618,10.179899999999861,0.5098910570490982,3.717900000000043,0.879840346568931,0.173
0.05,4935.6252,2087.3601,4.698,264.915,2004.4044,430.7049,population,0.0,0.0,0.0,0.0,-1.4552999999999994,-23.650724001755147,-14.603399999999965,-5.224486116119714,7.919099999999844,0.39665205649146745,8.13960000000003,1.926234832817562,0.173
0.06,4935.6252,2087.3601,4.6872,263.5632,2001.1167,435.3552,population,0.0,0.0,0.0,0.0,-1.4661,-23.826239578762614,-15.95519999999999,-5.708103652568129,4.631399999999985,0.23197766595125868,12.789900000000046,3.0267274667371042,0.173
0.07,4935.6252,2087.3601,4.5639,261.8019,2002.383,435.9735,population,0.0,0.0,0.0,0.0,-1.5893999999999995,-25.830042416264437,-17.716499999999996,-6.338223172428004,5.897699999999986,0.29540412844512237,13.408200000000022,3.173048047248561,0.173
0.08,4935.6252,2087.3601,4.5018,256.0473,1996.6068,447.5664,population,0.0,0.0,0.0,0.0,-1.6514999999999995,-26.83925698405733,-23.47109999999998,-8.396978517335524,0.12149999999996908,0.0060856946955717165,25.001100000000008,5.916505685630129,0.173
0.09,4935.6252,2087.3601,4.4406,254.5596,1996.8948,448.8273,population,0.0,0.0,0.0,0.0,-1.7127,-27.83384525376627,-24.958799999999997,-8.929215393333676,0.40949999999998,0.02051104508507926,26.262,6.214897437153501,0.173
0.1,4935.6252,2087.3601,4.356,249.7932,2001.4362,449.1369,population,0.0,0.0,0.0,0.0,-1.7973,-29.208717273658035,-29.725199999999973,-10.634434083766928,4.950900000000047,0.24798078903962112,26.571600000000046,6.2881642198259176,0.173
0.11,4935.6252,2087.3601,4.311,248.175,1971.18,481.0563,population,0.0,0.0,0.0,0.0,-1.8422999999999998,-29.940032177855784,-31.343399999999974,-11.213358405028067,-25.30529999999999,-1.2674924278180253,58.49100000000004,13.841884319417625,0.173
0.12,4935.6252,2087.3601,4.2894,247.2138,1969.92,483.2991,population,0.0,0.0,0.0,0.0,-1.8639000000000001,-30.291063331870703,-32.30459999999999,-11.55723558806862,-26.56529999999998,-1.330603335772118,60.73380000000003,14.372642524125864,0.173
0.13,4935.6252,2087.3601,4.2885,244.5138,1970.4726,485.4474,population,0.0,0.0,0.0,0.0,-1.8647999999999998,-30.305689629954657,-35.00459999999998,-12.52318273144093,-26.012699999999995,-1.3029246947122521,62.88210000000004,14.881037321332357,0.173
0.14,4935.6252,2087.3601,4.1589,242.55,1950.993,507.0204,population,0.0,0.0,0.0,0.0,-1.9943999999999997,-32.41187655404417,-36.968399999999974,-13.225748287053724,-45.492300000000114,-2.278619331682538,84.45510000000002,19.986283776732265,0.173
0.15,4935.6252,2087.3601,4.1517,238.8285,1947.0816,514.6605,population,0.0,0.0,0.0,0.0,-2.0016,-32.528886938715814,-40.689899999999994,-14.557145433001907,-49.40370000000007,-2.474533621660028,92.09519999999998,21.79431202704055,0.173
0.16,4935.6252,2087.3601,4.1373,236.4876,1947.5982,516.4992,population,0.0,0.0,0.0,0.0,-2.016,-32.76290770805909,-43.0308,-15.394621606305703,-48.887100000000146,-2.4486581493988533,93.9339,22.229440041574637,0.173
0.17,4935.6252,2087.3601,4.1373,232.1496,1947.5262,520.9092,population,0.0,0.0,0.0,0.0,-2.016,-32.76290770805909,-47.36879999999999,-16.946576683323887,-48.959100000000035,-2.4522644869962242,98.34390000000008,23.273065724989742,0.173
0.18,4935.6252,2087.3601,4.131,228.9915,1946.817,524.7828,population,0.0,0.0,0.0,0.0,-2.0222999999999995,-32.865291794646765,-50.52689999999998,-18.076412858688368,-49.668300000000045,-2.487786912330386,102.21749999999997,24.189752447728193,0.173
0.19,4935.6252,2087.3601,4.1112,225.9252,1949.4387,525.2472,population,0.0,0.0,0.0,0.0,-2.0420999999999996,-33.187070352493784,-53.593199999999996,-19.173406831178198,-47.046600000000126,-2.356471144565909,102.68190000000004,24.29965262173682,0.173
0.2,4935.6252,2087.3601,4.104,219.5388,1938.5181,542.5614,population,0.0,0.0,0.0,0.0,-2.0492999999999997,-33.30408073716542,-59.97959999999998,-21.45819380763484,-57.96720000000005,-2.9034623996480238,119.99610000000007,28.397054845724455,0.173
-0.2,4935.6252,2087.3601,4.9428,274.6494,1964.7351,460.395,market,0.0,0.0,0.0,0.0,-1.2104999999999997,-19.672370922919406,-4.868999999999971,-1.7419246818813974,-31.75019999999995,-1.5903047220032096,37.8297,8.952391500201271,0.039
-0.19,4935.6252,2087.3601,6.1371,272.5803,1966.1742,459.8307,market,0.0,0.0,0.0,0.0,-0.016199999999999548,-0.2632733655111818,-6.938099999999963,-2.4821621760857115,-30.311100000000124,-1.5182230492756508,37.2654,8.818850009690811,0.039
-0.18,4935.6252,2087.3601,6.1371,274.1994,1990.7424,433.6434,market,0.0,0.0,0.0,0.0,-0.016199999999999548,-0.2632733655111818,-5.31899999999996,-1.9029158724434458,-5.742899999999963,-0.2876505026107612,11.078100000000006,2.6216303137053627,0.039
-0.17,4935.6252,2087.3601,6.1425,275.1318,1989.7893,433.6587,market,0.0,0.0,0.0,0.0,-0.010799999999999699,-0.17551557700745452,-4.386599999999987,-1.5693421255988826,-6.69600000000014,-0.33538939655604477,11.093400000000031,2.6252510558723188,0.039
-0.16,4935.6252,2087.3601,6.1425,275.1336,1989.8361,433.6101,market,0.0,0.0,0.0,0.0,-0.010799999999999699,-0.17551557700745452,-4.384799999999984,-1.5686981608366335,-6.649200000000064,-0.33304527711774606,11.04480000000001,2.613749874871413,0.039
-0.15,4935.6252,2087.3601,6.1425,275.1336,1989.9693,433.4769,market,0.0,0.0,0.0,0.0,-0.010799999999999699,-0.17551557700745452,-4.384799999999984,-1.5686981608366335,-6.516000000000076,-0.3263735525625997,10.911600000000021,2.582228119535613,0.039
-0.14,4935.6252,2087.3601,6.1425,275.3658,1990.6614,432.5526,market,0.0,0.0,0.0,0.0,-0.010799999999999699,-0.17551557700745452,-4.152600000000007,-1.4856267065066224,-5.823900000000094,-0.2917076324078166,9.987300000000005,2.3634926956851414,0.039
-0.13,4935.6252,2087.3601,6.1425,275.4792,1997.5293,425.5713,market,0.0,0.0,0.0,0.0,-0.010799999999999699,-0.17551557700745452,-4.039199999999994,-1.4450569264849806,1.043999999999869,0.052291895161956314,3.0060000000000286,0.7113693433890641,0.039
-0.12,4935.6252,2087.3601,6.1425,275.2956,1998.0459,425.2383,market,0.0,0.0,0.0,0.0,-0.010799999999999699,-0.17551557700745452,-4.2228000000000065,-1.5107413322343026,1.5606000000000222,0.07816736742314216,2.673000000000002,0.6325649550495513,0.039
-0.11,4935.6252,2087.3601,6.1425,275.2911,1998.1575,425.1312,market,0.0,0.0,0.0,0.0,-0.010799999999999699,-0.17551557700745452,-4.227300000000014,-1.5123512441399256,1.6721999999999753,0.08375719069907378,2.565899999999999,0.6072197598808987,0.039
-0.1,4935.6252,2087.3601,6.1425,275.2911,1998.3186,424.9701,market,0.0,0.0,0.0,0.0,-0.010799999999999699,-0.17551557700745452,-4.227300000000014,-1.5123512441399256,1.8333000000000084,0.09182637107320592,2.404800000000023,0.5690954747112512,0.039
-0.09,4935.6252,2087.3601,6.1425,275.3757,1998.3402,424.8639,market,0.0,0.0,0.0,0.0,-0.010799999999999699,-0.17551557700745452,-4.142699999999991,-1.4820849003142516,1.8549000000000433,0.09290827235242069,2.2986000000000217,0.543963264375949,0.039
-0.08,4935.6252,2087.3601,6.1425,275.3775,1998.3537,424.8486,market,0.0,0.0,0.0,0.0,-0.010799999999999699,-0.17551557700745452,-4.140899999999988,-1.4814409355520024,1.8683999999998377,0.09358446065191854,2.283299999999997,0.5403425222089928,0.039
-0.07,4935.6252,2087.3601,6.1515,275.1291,2001.0069,422.4348,market,0.0,0.0,0.0,0.0,-0.0017999999999993577,-0.029252596167899464,-4.3892999999999915,-1.5703080727422565,4.521600000000035,0.22647800111526162,-0.13049999999998363,-0.03088280083574861,0.039
-0.06,4935.6252,2087.3601,6.1515,276.7581,1999.4643,422.3484,market,0.0,0.0,0.0,0.0,-0.0017999999999993577,-0.029252596167899464,-2.7602999999999724,-0.9875199629076199,2.979000000000042,0.14921221809146512,-0.2168999999999528,-0.05132934483734296,0.039
-0.05,4935.6252,2087.3601,6.1515,276.7581,1999.494,422.3187,market,0.0,0.0,0.0,0.0,-0.0017999999999993577,-0.029252596167899464,-2.7602999999999724,-0.9875199629076199,3.0086999999998625,0.15069983235037407,-0.24660000000000082,-0.05835784433790489,0.039
-0.04,4935.6252,2087.3601,6.1515,279.0927,1997.4807,421.9974,market,0.0,0.0,0.0,0.0,-0.0017999999999993577,-0.029252596167899464,-0.4257000000000062,-0.15229766627170382,0.9954000000000178,0.04985761728373446,-0.5678999999999519,-0.13439342984384944,0.039
-0.03,4935.6252,2087.3601,6.1515,279.1386,1997.5464,421.8858,market,0.0,0.0,0.0,0.0,-0.0017999999999993577,-0.029252596167899464,-0.3797999999999888,-0.13587656483436827,1.0610999999998967,0.05314840034133468,-0.6794999999999618,-0.1608035491792539,0.039
-0.02,4935.6252,2087.3601,6.1533,279.5733,1997.1198,421.8759,market,0.0,0.0,0.0,0.0,0.0,0.0,0.05490000000003192,0.019640925248581822,0.634499999999889,0.03178085007687705,-0.6893999999999778,-0.1631463823461079,0.039
-0.01,4935.6252,2087.3601,6.1533,279.5823,1997.3331,421.6536,market,0.0,0.0,0.0,0.0,0.0,0.0,0.06389999999998963,0.02286074905980774,0.8478000000000065,0.04246462520911156,-0.9116999999999962,-0.21575363618356647,0.039
0.0,4935.6252,2087.3601,6.1533,279.5184,1996.4853,422.5653,market,0.0,0.0,0.0,0.0,0.0,0.0,0.0,0.0,0.0,0.0,0.0,0.0,0.039
0.01,4935.6252,2087.3601,6.2163,279.4995,1997.127,421.8795,market,0.0,0.0,0.0,0.0,0.06300000000000061,1.0238408658768565,-0.018899999999973716,-0.006761630003596799,0.6416999999999007,0.03214148383661531,-0.685799999999972,-0.16229444301270646,0.039
0.02,4935.6252,2087.3601,6.2163,279.6075,1997.919,420.9795,market,0.0,0.0,0.0,0.0,0.06300000000000061,1.0238408658768565,0.08910000000003038,0.03187625573129725,1.4337000000000444,0.07181119740776676,-1.585800000000006,-0.3752792763627317,0.039
0.03,4935.6252,2087.3601,6.2163,279.9423,1998.0657,420.498,market,0.0,0.0,0.0,0.0,0.06300000000000061,1.0238408658768565,0.4239000000000033,0.15165370150945456,1.5804000000000542,0.07915911026242238,-2.067299999999989,-0.48922616220498677,0.039
0.04,4935.6252,2087.3601,6.2163,280.3914,1999.665,418.4496,market,0.0,0.0,0.0,0.0,0.06300000000000061,1.0238408658768565,0.8729999999999905,0.31232290969037835,3.1796999999999116,0.15926488414414627,-4.115700000000004,-0.9739796429096294,0.039
0.05,4935.6252,2087.3601,6.2271,280.2708,2003.6799,414.5445,market,0.0,0.0,0.0,0.0,0.07380000000000031,1.199356442884311,0.7524000000000228,0.2691772706197598,7.194600000000037,0.3603632844178736,-8.020799999999952,-1.8981208348153416,0.039
0.06,4935.6252,2087.3601,6.2271,280.2708,2005.0731,413.1513,market,0.0,0.0,0.0,0.0,0.07380000000000031,1.199356442884311,0.7524000000000228,0.2691772706197598,8.587800000000016,0.4301459169271126,-9.413999999999987,-2.227821356841176,0.039
0.07,4935.6252,2087.3601,6.2271,280.3338,2005.9191,412.2423,market,0.0,0.0,0.0,0.0,0.07380000000000031,1.199356442884311,0.815400000000011,0.291716037298443,9.43380000000002,0.4725203836962896,-10.322999999999979,-2.442936038524692,0.039
0.08,4935.6252,2087.3601,6.2271,279.6633,2006.1819,412.65,market,0.0,0.0,0.0,0.0,0.07380000000000031,1.199356442884311,0.1449000000000069,0.05183916336098336,9.69659999999999,0.48568351592671327,-9.915300000000002,-2.3464539090171392,0.039
0.09,4935.6252,2087.3601,6.2271,279.8784,2005.9668,412.65,market,0.0,0.0,0.0,0.0,0.07380000000000031,1.199356442884311,0.36000000000001364,0.12879295244964684,9.481499999999869,0.47490958235454417,-9.915300000000002,-2.3464539090171392,0.039
0.1,4935.6252,2087.3601,6.2271,279.9954,2030.5755,387.9243,market,0.0,0.0,0.0,0.0,0.07380000000000031,1.199356442884311,0.4770000000000323,0.17065066199578716,34.09019999999987,1.70751069391795,-34.64099999999996,-8.197786235642152,0.039
0.11,4935.6252,2087.3601,6.2271,279.9954,2030.6061,387.8937,market,0.0,0.0,0.0,0.0,0.07380000000000031,1.199356442884311,0.4770000000000323,0.17065066199578716,34.12079999999992,1.7090433873968376,-34.671599999999955,-8.20502771997605,0.039
0.12,4935.6252,2087.3601,6.2271,280.0107,2031.8562,386.6283,market,0.0,0.0,0.0,0.0,0.07380000000000031,1.199356442884311,0.4923000000000002,0.17612436247488544,35.37089999999989,1.7716584239312902,-35.936999999999955,-8.504484395666175,0.039
0.13,4935.6252,2087.3601,6.2271,280.0143,2033.4303,385.0506,market,0.0,0.0,0.0,0.0,0.07380000000000031,1.199356442884311,0.495900000000006,0.17741229199938396,36.944999999999936,1.8505019796539415,-37.514700000000005,-8.877846808528766,0.039
0.14,4935.6252,2087.3601,6.2271,280.0962,2036.0682,382.3308,market,0.0,0.0,0.0,0.0,0.07380000000000031,1.199356442884311,0.5778000000000247,0.20671268868168421,39.58289999999988,1.9826291733778294,-40.23449999999997,-9.52148697491251,0.039
0.15,4935.6252,2087.3601,6.2568,283.0779,2033.2827,382.1049,market,0.0,0.0,0.0,0.0,0.10350000000000037,1.6820242796548253,3.559500000000014,1.27344031734584,36.797399999999925,1.8431089875793185,-40.46039999999999,-9.574946168083368,0.039
0.16,4935.6252,2087.3601,6.2568,283.7295,2032.7211,382.0149,market,0.0,0.0,0.0,0.0,0.10350000000000037,1.6820242796548253,4.211099999999988,1.5065555612796826,36.23579999999993,1.8149795543197802,-40.55039999999997,-9.596244651418365,0.039
0.17,4935.6252,2087.3601,6.2568,283.7295,2032.8354,381.9006,market,0.0,0.0,0.0,0.0,0.10350000000000037,1.6820242796548253,4.211099999999988,1.5065555612796826,36.350099999999884,1.8207046152556134,-40.66469999999998,-9.62329372525382,0.039
0.18,4935.6252,2087.3601,6.2568,284.3973,2032.3359,381.7323,market,0.0,0.0,0.0,0.0,0.10350000000000037,1.6820242796548253,4.878899999999987,1.7454664880737683,35.850599999999986,1.7956856481738175,-40.83299999999997,-9.663121889090272,0.039
0.19,4935.6252,2087.3601,6.2568,284.6673,2032.1964,381.6018,market,0.0,0.0,0.0,0.0,0.10350000000000037,1.6820242796548253,5.148900000000026,1.8420612024110135,35.71109999999999,1.7886983690789,-40.963499999999954,-9.69400468992602,0.039
0.2,4935.6252,2087.3601,8.5347,282.9501,2031.7653,381.4722,market,0.0,0.0,0.0,0.0,2.381400000000001,38.701184730144824,3.431700000000035,1.2277188192262245,35.27999999999997,1.7671054227146061,-41.09309999999999,-9.72467450592843,0.039
-0.2,4935.6252,2087.3601,4.7718,272.8305,2040.1614,386.9586,health,0.0,0.0,0.0,0.0,-1.3815,-22.45136755887085,-6.687900000000013,-2.3926510741332283,43.676099999999906,2.187649465788699,-35.60669999999999,-8.426318961826725,0.103
-0.19,4935.6252,2087.3601,4.7709,272.826,2041.3008,385.8246,health,0.0,0.0,0.0,0.0,-1.3823999999999996,-22.4659938569548,-6.692399999999964,-2.394260986038831,44.81549999999993,2.244719758267187,-36.740700000000004,-8.694679851847752,0.103
-0.18,4935.6252,2087.3601,4.7709,272.9007,2041.9956,385.0551,health,0.0,0.0,0.0,0.0,-1.3823999999999996,-22.4659938569548,-6.6177000000000135,-2.367536448405548,45.510299999999916,2.2795209160818724,-37.5102,-8.876781884362014,0.103
-0.17,4935.6252,2087.3601,4.7709,272.4246,2042.4321,385.0947,health,0.0,0.0,0.0,0.0,-1.3823999999999996,-22.4659938569548,-7.0937999999999874,-2.5378651280201905,45.94679999999994,2.30138433776597,-37.47059999999999,-8.867410551694611,0.103
-0.16,4935.6252,2087.3601,4.8096,272.7594,2042.1378,385.0155,health,0.0,0.0,0.0,0.0,-1.3437000000000001,-21.837063039344745,-6.758999999999958,-2.4180876822420125,45.65249999999992,2.2866434328366916,-37.549800000000005,-8.886153217029417,0.103
-0.15,4935.6252,2087.3601,4.896,273.8376,2036.9673,389.0214,health,0.0,0.0,0.0,0.0,-1.2572999999999999,-20.432938423285066,-5.6807999999999765,-2.032352789655342,40.48199999999997,2.027663314125076,-33.54389999999995,-7.9381577237884775,0.103
-0.14,4935.6252,2087.3601,4.8942,274.1337,2036.7792,388.9152,health,0.0,0.0,0.0,0.0,-1.2591,-20.46219101945298,-5.384700000000009,-1.926420586265523,40.293899999999894,2.0182417571519258,-33.65009999999995,-7.96328993412378,0.103
-0.13,4935.6252,2087.3601,4.8996,278.1387,2032.9569,388.7271,health,0.0,0.0,0.0,0.0,-1.2536999999999994,-20.374433230949236,-1.379700000000014,-0.4935989902632578,36.47159999999985,1.8267903099511853,-33.83819999999997,-8.00780376429394,0.103
-0.12,4935.6252,2087.3601,4.8996,277.5186,2033.5923,388.7118,health,0.0,0.0,0.0,0.0,-1.2536999999999994,-20.374433230949236,-1.9997999999999934,-0.7154448508577587,37.10699999999997,1.858616239248041,-33.8535,-8.011424506460894,0.103
-0.11,4935.6252,2087.3601,4.8996,277.5249,2033.9559,388.3419,health,0.0,0.0,0.0,0.0,-1.2536999999999994,-20.374433230949236,-1.9934999999999832,-0.7131909741898863,37.47059999999988,1.876828244114789,-34.22339999999997,-8.098961272967745,0.103
-0.1,4935.6252,2087.3601,4.8996,277.4178,2034.1881,388.2168,health,0.0,0.0,0.0,0.0,-1.2536999999999994,-20.374433230949236,-2.100599999999986,-0.7515068775436557,37.702800000000025,1.8884586828663361,-34.3485,-8.128566164803406,0.103
-0.09,4935.6252,2087.3601,4.9149,278.0703,1999.0584,422.6787,health,0.0,0.0,0.0,0.0,-1.2383999999999995,-20.125786163522005,-1.4481000000000108,-0.5180696512286886,2.5730999999998403,0.1288814898862436,0.11340000000001282,0.026836089002105195,0.103
-0.08,4935.6252,2087.3601,4.9446,276.8283,2001.1734,421.776,health,0.0,0.0,0.0,0.0,-1.2086999999999994,-19.64311832675149,-2.6900999999999726,-0.9624053371799397,4.688099999999849,0.2348176568091861,-0.7892999999999688,-0.18678769884795768,0.103
-0.07,4935.6252,2087.3601,6.1389,274.4613,2002.4901,421.632,health,0.0,0.0,0.0,0.0,-0.01440000000000019,-0.23402076934328234,-5.057099999999991,-1.8092189995363421,6.004799999999932,0.3007685556212175,-0.9332999999999743,-0.22086527218396168,0.103
-0.06,4935.6252,2087.3601,6.1443,277.0605,2000.0727,421.4448,health,0.0,0.0,0.0,0.0,-0.008999999999999453,-0.14626298083954062,-2.457899999999995,-0.8793338828499287,3.5873999999998887,0.179685770789291,-1.1204999999999927,-0.26516611752076963,0.103
-0.05,4935.6252,2087.3601,6.1443,277.1802,2000.2923,421.1055,health,0.0,0.0,0.0,0.0,-0.008999999999999453,-0.14626298083954062,-2.338199999999972,-0.8365102261604146,3.8070000000000164,0.19068510046129647,-1.459799999999973,-0.3454613996937214,0.103
-0.04,4935.6252,2087.3601,6.1443,277.0371,2000.115,421.4259,health,0.0,0.0,0.0,0.0,-0.008999999999999453,-0.14626298083954062,-2.481299999999976,-0.8877054247591486,3.629699999999957,0.18180449412775324,-1.1393999999999664,-0.26963879902111376,0.103
-0.03,4935.6252,2087.3601,6.1443,275.9301,2001.402,421.2459,health,0.0,0.0,0.0,0.0,-0.008999999999999453,-0.14626298083954062,-3.588300000000004,-1.2837437535418077,4.916699999999992,0.24626777868086439,-1.3193999999999733,-0.3122357656911188,0.103
-0.02,4935.6252,2087.3601,6.1533,276.7734,2000.4984,421.2972,health,0.0,0.0,0.0,0.0,0.0,0.0,-2.7450000000000045,-0.9820462624285216,4.013099999999895,0.20100824183378135,-1.268100000000004,-0.30009563019017516,0.103
-0.01,4935.6252,2087.3601,6.1533,279.1053,1998.0468,421.4169,health,0.0,0.0,0.0,0.0,0.0,0.0,-0.4130999999999858,-0.14778991293595908,1.5615000000000236,0.07821244664310945,-1.148399999999981,-0.2717686473546174,0.103
0.0,4935.6252,2087.3601,6.1533,279.5184,1996.4853,422.5653,health,0.0,0.0,0.0,0.0,0.0,0.0,0.0,0.0,0.0,0.0,0.0,0.0,0.103
0.01,4935.6252,2087.3601,6.2145,281.8746,1995.7158,420.9174,health,0.0,0.0,0.0,0.0,0.061200000000000365,0.9945882697089425,2.356200000000001,0.8429498737829071,-0.7695000000001073,-0.03854273307196939,-1.6478999999999928,-0.3899752298638797,0.103
0.02,4935.6252,2087.3601,6.2253,279.7515,1997.9928,420.7527,health,0.0,0.0,0.0,0.0,0.07200000000000006,1.1701038467163971,0.23310000000003583,0.083393436711156,1.5074999999999363,0.07550769344507252,-1.812599999999975,-0.4289514543669286,0.103
0.03,4935.6252,2087.3601,6.2253,276.9318,2000.7945,420.7707,health,0.0,0.0,0.0,0.0,0.07200000000000006,1.1701038467163971,-2.586599999999976,-0.9253773633506688,4.309199999999919,0.21583930520299444,-1.7946000000000026,-0.4246917576999349,0.103
0.04,4935.6252,2087.3601,6.2253,276.7626,2001.6009,420.1335,health,0.0,0.0,0.0,0.0,0.07200000000000006,1.1701038467163971,-2.755799999999965,-0.9859100510019968,5.1155999999998585,0.256230286293611,-2.431799999999953,-0.5754850197117352,0.103
0.05,4935.6252,2087.3601,6.2253,276.768,2006.4159,415.3131,health,0.0,0.0,0.0,0.0,0.07200000000000006,1.1701038467163971,-2.7504000000000133,-0.9839781567152693,9.930599999999913,0.4974041131181839,-7.252199999999959,-1.7162317871344284,0.103
0.06,4935.6252,2087.3601,6.255,279.4878,2003.904,415.0755,health,0.0,0.0,0.0,0.0,0.10170000000000012,1.6527716834869115,-0.030599999999992633,-0.010947400958216932,7.418699999999944,0.37158801018970405,-7.4898000000000025,-1.7724597831388431,0.103
0.07,4935.6252,2087.3601,8.5329,278.0811,2004.6537,413.4546,health,0.0,0.0,0.0,0.0,2.3796,38.67193213397689,-1.4372999999999934,-0.5142058626551932,8.16840000000002,0.4091390004223932,-9.110699999999952,-2.1560454680022123,0.103
0.08,4935.6252,2087.3601,8.5446,280.3824,2002.3848,413.4105,health,0.0,0.0,0.0,0.0,2.391300000000001,38.86207400906832,0.8640000000000327,0.3091030858791524,5.899499999999989,0.2954942868850569,-9.154799999999966,-2.1664817248363666,0.103
0.09,4935.6252,2087.3601,8.55,282.8565,1997.9937,415.3221,health,0.0,0.0,0.0,0.0,2.396700000000001,38.949831797572045,3.338099999999997,1.1942326515893043,1.5083999999999378,0.07555277266503979,-7.243200000000002,-1.7141019388009386,0.103
0.1,4935.6252,2087.3601,8.5401,282.9861,1997.4609,415.7352,health,0.0,0.0,0.0,0.0,2.386800000000001,38.78894251864855,3.467700000000036,1.2405981144711893,0.9755999999999858,0.04886587444445425,-6.830099999999959,-1.6163419002932704,0.103
0.11,4935.6252,2087.3601,8.5401,282.6684,1998.018,415.4958,health,0.0,0.0,0.0,0.0,2.386800000000001,38.78894251864855,3.150000000000034,1.1269383339343793,1.532699999999977,0.07676991160415642,-7.069500000000005,-1.672995865964386,0.103
0.12,4935.6252,2087.3601,8.5401,282.2139,1998.3276,415.6407,health,0.0,0.0,0.0,0.0,2.386800000000001,38.78894251864855,2.695500000000038,0.9643372314667078,1.842300000000023,0.09227716327287874,-6.924599999999998,-1.6387053077950315,0.103
0.13,4935.6252,2087.3601,8.5617,284.2443,1996.1874,415.7289,health,0.0,0.0,0.0,0.0,2.4084000000000003,39.13997367266345,4.725900000000024,1.6907294832826836,-0.2979000000000269,-0.014921221809147652,-6.836399999999969,-1.617832794126723,0.103
0.14,4935.6252,2087.3601,8.6589,284.2938,1987.6959,424.0737,health,0.0,0.0,0.0,0.0,2.5055999999999994,40.71961386573057,4.7753999999999905,1.7084385142444973,-8.789400000000114,-0.4402436621997725,1.5083999999999946,0.3569625806946275,0.103
0.15,4935.6252,2087.3601,8.6607,285.9921,1988.3493,421.7202,health,0.0,0.0,0.0,0.0,2.5074000000000005,40.7488664618985,6.473700000000008,2.3160192674256894,-8.135999999999967,-0.4075161485035711,-0.8451000000000022,-0.1999927585156666,0.103
0.16,4935.6252,2087.3601,8.6607,286.2765,1988.5059,421.2792,health,0.0,0.0,0.0,0.0,2.5074000000000005,40.7488664618985,6.758100000000013,2.4177656998609085,-7.979399999999941,-0.3996723642292753,-1.2860999999999763,-0.3043553268571689,0.103
0.17,4935.6252,2087.3601,8.6607,286.7553,1988.2386,421.0677,health,0.0,0.0,0.0,0.0,2.5074000000000005,40.7488664618985,7.2368999999999915,2.5890603266189247,-8.246700000000146,-0.4130608925595468,-1.4975999999999772,-0.35440676269442317,0.103
0.18,4935.6252,2087.3601,8.6607,286.749,1988.3466,420.966,health,0.0,0.0,0.0,0.0,2.5074000000000005,40.7488664618985,7.230600000000038,2.5868064499510726,-8.138699999999972,-0.4076513861634729,-1.599299999999971,-0.37847404886297364,0.103
0.19,4935.6252,2087.3601,8.6607,286.5276,1962.5247,447.0093,health,0.0,0.0,0.0,0.0,2.5074000000000005,40.7488664618985,7.009200000000021,2.5075987841945366,-33.96060000000011,-1.7010192862426843,24.444000000000017,5.78466807378647,0.103
0.2,4935.6252,2087.3601,8.7003,293.472,1955.8179,446.7321,health,0.0,0.0,0.0,0.0,2.5470000000000006,41.392423577592524,13.953599999999994,4.992014836948121,-40.66740000000004,-2.0369496334383252,24.166800000000023,5.719068745114666,0.103
-0.2,4935.6252,2087.3601,5.1066,276.4539,1986.6708,436.491,elev,0.0,0.0,0.0,0.0,-1.0466999999999995,-17.0103846716396,-3.0645000000000095,-1.0963500077275807,-9.814499999999953,-0.4915888937424158,13.925700000000006,3.2955143264248172,0.05
-0.19,4935.6252,2087.3601,5.1066,276.4305,1986.7302,436.455,elev,0.0,0.0,0.0,0.0,-1.0466999999999995,-17.0103846716396,-3.0878999999999905,-1.1047215496368006,-9.755100000000084,-0.4886136652245866,13.889700000000005,3.2869949330908157,0.05
-0.18,4935.6252,2087.3601,5.1066,274.3704,1988.7903,436.455,elev,0.0,0.0,0.0,0.0,-1.0466999999999995,-17.0103846716396,-5.147999999999968,-1.8417392200298686,-7.695000000000164,-0.38542733071964835,13.889700000000005,3.2869949330908157,0.05
-0.17,4935.6252,2087.3601,5.1066,274.4307,1990.2663,434.9187,elev,0.0,0.0,0.0,0.0,-1.0466999999999995,-17.0103846716396,-5.087699999999984,-1.8201664004945592,-6.219000000000051,-0.3114974099734193,12.353400000000022,2.923429822562341,0.05
-0.16,4935.6252,2087.3601,5.1066,274.4298,1990.3545,434.8314,elev,0.0,0.0,0.0,0.0,-1.0466999999999995,-17.0103846716396,-5.088599999999985,-1.820488382875684,-6.130800000000136,-0.30707964641663704,12.266099999999994,2.9027702937273823,0.05
-0.15,4935.6252,2087.3601,6.2802,273.447,1993.7862,431.2089,elev,0.0,0.0,0.0,0.0,0.1269,2.0623080298376486,-6.071399999999983,-2.1720931430632056,-2.699100000000044,-0.13519258068166312,8.643600000000049,2.0455063394935764,0.05
-0.14,4935.6252,2087.3601,6.2406,273.3777,1997.0667,428.0373,elev,0.0,0.0,0.0,0.0,0.08729999999999993,1.4187509141436292,-6.140699999999981,-2.1968857864097613,0.5814000000000306,0.02912117609881879,5.472000000000037,1.2949477867681132,0.05
-0.13,4935.6252,2087.3601,6.2406,274.0644,1996.5735,427.8438,elev,0.0,0.0,0.0,0.0,0.08729999999999993,1.4187509141436292,-5.454000000000008,-1.9512132296120785,0.08819999999991524,0.004417763556782273,5.278500000000008,1.2491560475978527,0.05
-0.12,4935.6252,2087.3601,6.2406,273.7215,1997.0451,427.7151,elev,0.0,0.0,0.0,0.0,0.08729999999999993,1.4187509141436292,-5.796899999999994,-2.0738885168203574,0.5597999999999956,0.028039274819604013,5.1498000000000275,1.2186992164288046,0.05
-0.11,4935.6252,2087.3601,6.2406,274.8501,1998.4545,425.1771,elev,0.0,0.0,0.0,0.0,0.08729999999999993,1.4187509141436292,-4.668299999999988,-1.6701226108907279,1.9692000000000007,0.09863333328825415,2.6118000000000166,0.6180819863817537,0.05
-0.1,4935.6252,2087.3601,6.237,274.8501,1998.4977,425.1375,elev,0.0,0.0,0.0,0.0,0.08370000000000033,1.3602457218078159,-4.668299999999988,-1.6701226108907279,2.012399999999843,0.1007971358466723,2.5722000000000094,0.6087106537143512,0.05
-0.09,4935.6252,2087.3601,6.2316,276.4638,1995.1695,426.8574,elev,0.0,0.0,0.0,0.0,0.07830000000000048,1.2724879333040886,-3.0545999999999935,-1.0928082015352096,-1.3158000000000811,-0.06590581959206417,4.292100000000005,1.015724670246233,0.05
-0.08,4935.6252,2087.3601,6.2316,276.4575,1997.3637,424.6695,elev,0.0,0.0,0.0,0.0,0.07830000000000048,1.2724879333040886,-3.0609000000000037,-1.0950620782030822,0.878400000000056,0.04399731868799915,2.1042000000000485,0.49795854037235154,0.05
-0.07,4935.6252,2087.3601,6.2316,276.381,1997.4609,424.6488,elev,0.0,0.0,0.0,0.0,0.07830000000000048,1.2724879333040886,-3.1374000000000137,-1.1224305805986345,0.9755999999999858,0.04886587444445425,2.083500000000015,0.4930598892052933,0.05
-0.06,4935.6252,2087.3601,6.2316,276.381,1997.577,424.5327,elev,0.0,0.0,0.0,0.0,0.07830000000000048,1.2724879333040886,-3.1374000000000137,-1.1224305805986345,1.0916999999999462,0.05468109382022227,1.9673999999999978,0.465584845703137,0.05
-0.05,4935.6252,2087.3601,6.2019,279.243,1996.38,422.8974,elev,0.0,0.0,0.0,0.0,0.04860000000000042,0.7898200965335743,-0.27539999999999054,-0.09852660862397272,-0.10529999999994288,-0.005274268736160635,0.3321000000000254,0.07859140350616234,0.05
-0.04,4935.6252,2087.3601,6.2019,279.243,1996.3926,422.8848,elev,0.0,0.0,0.0,0.0,0.04860000000000042,0.7898200965335743,-0.27539999999999054,-0.09852660862397272,-0.09270000000014988,-0.004643159656630073,0.319500000000005,0.07560961583925728,0.05
-0.03,4935.6252,2087.3601,6.2019,278.0595,1997.5698,422.8911,elev,0.0,0.0,0.0,0.0,0.04860000000000042,0.7898200965335743,-1.4588999999999714,-0.5219334398021638,1.0844999999999345,0.05432046006048402,0.3258000000000152,0.0771005096727098,0.05
-0.02,4935.6252,2087.3601,6.2019,277.6275,1998.1269,422.766,elev,0.0,0.0,0.0,0.0,0.04860000000000042,0.7898200965335743,-1.8908999999999878,-0.67648498274174,1.6415999999999258,0.08222449722018618,0.2007000000000403,0.04749561783706336,0.05
-0.01,4935.6252,2087.3601,6.2019,279.4554,1996.5042,422.5608,elev,0.0,0.0,0.0,0.0,0.04860000000000042,0.7898200965335743,-0.06299999999998818,-0.022538766678683115,0.01890000000003056,0.0009466636193129276,-0.004500000000007276,-0.0010649241667518078,0.05
0.0,4935.6252,2087.3601,6.1533,279.5184,1996.4853,422.5653,elev,0.0,0.0,0.0,0.0,0.0,0.0,0.0,0.0,0.0,0.0,0.0,0.0,0.05
0.01,4935.6252,2087.3601,6.1677,279.5157,1999.4832,419.5557,elev,0.0,0.0,0.0,0.0,0.01440000000000019,0.23402076934328234,-0.0027000000000043656,-0.0009659471433738766,2.997899999999845,0.15015888171076666,-3.0095999999999776,-0.7122212827224521,0.05
0.02,4935.6252,2087.3601,6.1677,279.243,1999.3842,419.9274,elev,0.0,0.0,0.0,0.0,0.01440000000000019,0.23402076934328234,-0.27539999999999054,-0.09852660862397272,2.8988999999999123,0.145200167514377,-2.637900000000002,-0.6242585465489008,0.05
0.03,4935.6252,2087.3601,6.1677,279.2772,2001.7305,417.5469,elev,0.0,0.0,0.0,0.0,0.01440000000000019,0.23402076934328234,-0.2411999999999921,-0.08629127814125728,5.245199999999841,0.2627216939688883,-5.0183999999999855,-1.1876034307596923,0.05
0.04,4935.6252,2087.3601,6.1785,279.2565,2002.851,416.4363,elev,0.0,0.0,0.0,0.0,0.02519999999999989,0.4095363463507368,-0.2618999999999687,-0.09369687290710332,6.365700000000061,0.31884532282807493,-6.128999999999962,-1.4504267151136079,0.05
0.05,4935.6252,2087.3601,6.1785,279.3645,2004.2631,414.9162,elev,0.0,0.0,0.0,0.0,0.02519999999999989,0.4095363463507368,-0.15389999999996462,-0.055058987172209285,7.777799999999843,0.38957461895661555,-7.649099999999976,-1.8101580986417902,0.05
0.06,4935.6252,2087.3601,6.1785,279.6588,2004.4098,414.4752,elev,0.0,0.0,0.0,0.0,0.02519999999999989,0.4095363463507368,0.14039999999999964,0.05022925145536023,7.924499999999853,0.39692253181127113,-8.090100000000007,-1.914520666983306,0.05
0.07,4935.6252,2087.3601,6.1488,279.8937,2005.605,413.0748,elev,0.0,0.0,0.0,0.0,-0.0045000000000001705,-0.07313149041977753,0.3753000000000384,0.13426665292876547,9.119699999999966,0.4567877359277309,-9.490499999999997,-2.2459250676759304,0.05
0.08,4935.6252,2087.3601,6.1488,279.3078,2006.1801,413.0856,elev,0.0,0.0,0.0,0.0,-0.0045000000000001705,-0.07313149041977753,-0.21059999999999945,-0.07534387718304035,9.694799999999987,0.4855933574867787,-9.47969999999998,-2.243369249675726,0.05
0.09,4935.6252,2087.3601,6.1488,279.3078,2006.5185,412.7472,elev,0.0,0.0,0.0,0.0,-0.0045000000000001705,-0.07313149041977753,-0.21059999999999945,-0.07534387718304035,10.033199999999852,0.5025431441944427,-9.818099999999959,-2.3234515470153276,0.05
0.1,4935.6252,2087.3601,6.1488,279.3438,2006.2989,412.9308,elev,0.0,0.0,0.0,0.0,-0.0045000000000001705,-0.07313149041977753,-0.1745999999999981,-0.062464581938075664,9.813599999999951,0.49154381452244855,-9.634500000000003,-2.2800026410119343,0.05
0.11,4935.6252,2087.3601,6.1488,279.3708,2018.4786,400.7241,elev,0.0,0.0,0.0,0.0,-0.0045000000000001705,-0.07313149041977753,-0.14760000000001128,-0.05280511050435723,21.993299999999863,1.1016008983386887,-21.841199999999958,-5.168715935738207,0.05
0.12,4935.6252,2087.3601,6.1488,279.2475,2019.1635,400.1625,elev,0.0,0.0,0.0,0.0,-0.0045000000000001705,-0.07313149041977753,-0.27089999999998327,-0.09691669671834958,22.67820000000006,1.1359061847337448,-22.402799999999957,-5.301618471748617,0.05
0.13,4935.6252,2087.3601,6.1488,279.2475,2019.1842,400.1418,elev,0.0,0.0,0.0,0.0,-0.0045000000000001705,-0.07313149041977753,-0.27089999999998327,-0.09691669671834958,22.698899999999867,1.1369430067929809,-22.42349999999999,-5.306517122915675,0.05
0.14,4935.6252,2087.3601,6.1434,279.3105,2019.2202,400.0482,elev,0.0,0.0,0.0,0.0,-0.00990000000000002,-0.1608892789235048,-0.2078999999999951,-0.07437793003966647,22.734899999999925,1.1387461755916723,-22.51709999999997,-5.328667545584072,0.05
0.15,4935.6252,2087.3601,6.138,279.603,2019.0789,399.9024,elev,0.0,0.0,0.0,0.0,-0.01529999999999987,-0.24864706742723205,0.0846000000000231,0.030266343825674127,22.593599999999924,1.1316687380568202,-22.66289999999998,-5.363171088586777,0.05
0.16,4935.6252,2087.3601,8.4123,277.335,2019.7134,399.2616,elev,0.0,0.0,0.0,0.0,2.2590000000000003,36.712008190726934,-2.183400000000006,-0.7811292566070807,23.22810000000004,1.1634495881337088,-23.303699999999992,-5.514816289931993,0.05
0.17,4935.6252,2087.3601,8.4114,278.991,2020.9806,396.3393,elev,0.0,0.0,0.0,0.0,2.2581000000000007,36.69738189264298,-0.5274000000000001,-0.1886816753387255,24.495300000000043,1.2269211298475398,-26.226,-6.2063780438195,0.05
0.18,4935.6252,2087.3601,8.4114,278.946,2021.094,396.2709,elev,0.0,0.0,0.0,0.0,2.2581000000000007,36.69738189264298,-0.5723999999999592,-0.20478079439491612,24.6087,1.232601111563406,-26.294399999999996,-6.2225648911541,0.05
0.19,4935.6252,2087.3601,8.4114,280.1016,2019.1815,397.0278,elev,0.0,0.0,0.0,0.0,2.2581000000000007,36.69738189264298,0.5832000000000335,0.20864458296843197,22.696199999999862,1.1368077691330791,-25.537499999999966,-6.043444646306729,0.05
0.2,4935.6252,2087.3601,8.4105,280.1079,2020.32,395.8839,elev,0.0,0.0,0.0,0.0,2.257200000000001,36.68275559455903,0.5894999999999868,0.210898459636284,23.834699999999884,1.1938329823916,-26.681399999999996,-6.314148369494607,0.05
-0.2,4935.6252,2087.3601,8.631,279.7974,1998.9675,417.3264,slope,0.0,0.0,0.0,0.0,2.4777000000000005,40.26619862512799,0.27899999999999636,0.09981453814847123,2.4821999999999207,0.12432848866955949,-5.238900000000001,-1.2397847149304502,0.033
-0.19,4935.6252,2087.3601,8.631,279.7812,1999.143,417.1671,slope,0.0,0.0,0.0,0.0,2.4777000000000005,40.26619862512799,0.262800000000027,0.0940188552882483,2.657699999999977,0.13311893656316814,-5.398199999999974,-1.2774830304333968,0.033
-0.18,4935.6252,2087.3601,8.631,279.7812,1999.143,417.1671,slope,0.0,0.0,0.0,0.0,2.4777000000000005,40.26619862512799,0.262800000000027,0.0940188552882483,2.657699999999977,0.13311893656316814,-5.398199999999974,-1.2774830304333968,0.033
-0.17,4935.6252,2087.3601,8.631,279.7812,1999.8252,416.4849,slope,0.0,0.0,0.0,0.0,2.4777000000000005,40.26619862512799,0.262800000000027,0.0940188552882483,3.3398999999999432,0.16728898529831115,-6.080399999999997,-1.4389255341127152,0.033
-0.16,4935.6252,2087.3601,8.631,279.7254,1999.9008,416.4651,slope,0.0,0.0,0.0,0.0,2.4777000000000005,40.26619862512799,0.20699999999999363,0.07405594765854184,3.415499999999838,0.17107563977555146,-6.1001999999999725,-1.44361120044641,0.033
-0.15,4935.6252,2087.3601,8.5509,279.8055,1999.9377,416.4282,slope,0.0,0.0,0.0,0.0,2.3976000000000006,38.964458095656,0.28710000000000946,0.10271237957859285,3.4523999999998978,0.17292388779421006,-6.137099999999975,-1.452343578613761,0.033
-0.14,4935.6252,2087.3601,8.5293,279.7704,1998.8019,417.6207,slope,0.0,0.0,0.0,0.0,2.3759999999999994,38.613426941641066,0.25200000000000955,0.09015506671475279,2.3165999999998803,0.11603391219559094,-4.94459999999998,-1.1701386744249895,0.033
-0.13,4935.6252,2087.3601,8.5167,278.3502,2000.2347,417.6207,slope,0.0,0.0,0.0,0.0,2.3634000000000004,38.408658768465706,-1.168200000000013,-0.4179331306990928,3.7493999999999232,0.1878000303833904,-4.94459999999998,-1.1701386744249895,0.033
-0.12,4935.6252,2087.3601,8.5167,278.3502,2000.34,417.5154,slope,0.0,0.0,0.0,0.0,2.3634000000000004,38.408658768465706,-1.168200000000013,-0.4179331306990928,3.854699999999866,0.19307429911955104,-5.04989999999998,-1.1950578999269414,0.033
-0.11,4935.6252,2087.3601,8.5167,278.9145,1999.6164,417.6747,slope,0.0,0.0,0.0,0.0,2.3634000000000004,38.408658768465706,-0.6039000000000101,-0.216050177734278,3.1311000000000604,0.15683060626592443,-4.890600000000006,-1.1573595844239948,0.033
-0.1,4935.6252,2087.3601,8.5167,277.9488,2000.6721,417.5847,slope,0.0,0.0,0.0,0.0,2.3634000000000004,38.408658768465706,-1.56959999999998,-0.5615372726804317,4.186799999999948,0.20970853128745542,-4.980599999999981,-1.1786580677589906,0.033
-0.09,4935.6252,2087.3601,8.5167,277.9488,2000.6775,417.5793,slope,0.0,0.0,0.0,0.0,2.3634000000000004,38.408658768465706,-1.56959999999998,-0.5615372726804317,4.192199999999957,0.20997900660725913,-4.98599999999999,-1.1799359767590927,0.033
-0.08,4935.6252,2087.3601,8.487,277.632,1998.873,419.7303,slope,0.0,0.0,0.0,0.0,2.3337000000000003,37.925990931695196,-1.8863999999999805,-0.674875070836117,2.3876999999999953,0.11959517057300623,-2.8349999999999795,-0.6709022250525493,0.033
-0.07,4935.6252,2087.3601,6.2127,279.7209,1999.0584,419.7303,slope,0.0,0.0,0.0,0.0,0.05940000000000012,0.9653356735410287,0.20249999999998636,0.07244603575291872,2.5730999999998403,0.1288814898862436,-2.8349999999999795,-0.6709022250525493,0.033
-0.06,4935.6252,2087.3601,6.2127,279.7209,1999.0584,419.7303,slope,0.0,0.0,0.0,0.0,0.05940000000000012,0.9653356735410287,0.20249999999998636,0.07244603575291872,2.5730999999998403,0.1288814898862436,-2.8349999999999795,-0.6709022250525493,0.033
-0.05,4935.6252,2087.3601,6.2127,279.7794,1999.0017,419.7285,slope,0.0,0.0,0.0,0.0,0.05940000000000012,0.9653356735410287,0.2610000000000241,0.09337489052599904,2.516399999999976,0.1260414990283162,-2.8367999999999824,-0.67132819471925,0.033
-0.04,4935.6252,2087.3601,6.2127,279.7191,1999.1943,419.5962,slope,0.0,0.0,0.0,0.0,0.05940000000000012,0.9653356735410287,0.2007000000000403,0.07180207099068982,2.70900000000006,0.13568845210130323,-2.969099999999969,-0.7026369652216993,0.033
-0.03,4935.6252,2087.3601,6.2127,279.7191,1999.1943,419.5962,slope,0.0,0.0,0.0,0.0,0.05940000000000012,0.9653356735410287,0.2007000000000403,0.07180207099068982,2.70900000000006,0.13568845210130323,-2.969099999999969,-0.7026369652216993,0.033
-0.02,4935.6252,2087.3601,6.2019,279.5526,1999.0161,419.9517,slope,0.0,0.0,0.0,0.0,0.04860000000000042,0.7898200965335743,0.034199999999998454,0.012235330482715433,2.5307999999999993,0.12676276654779273,-2.6135999999999626,-0.6185079560484409,0.033
-0.01,4935.6252,2087.3601,6.2019,279.5436,1999.0512,419.9256,slope,0.0,0.0,0.0,0.0,0.04860000000000042,0.7898200965335743,0.025200000000040745,0.009015506671489515,2.565900000000056,0.12852085612651673,-2.639700000000005,-0.6246845162156014,0.033
0.0,4935.6252,2087.3601,6.1533,279.5184,1996.4853,422.5653,slope,0.0,0.0,0.0,0.0,0.0,0.0,0.0,0.0,0.0,0.0,0.0,0.0,0.033
0.01,4935.6252,2087.3601,6.1659,279.5067,1996.7553,422.2944,slope,0.0,0.0,0.0,0.0,0.012599999999999945,0.2047681731753684,-0.011699999999962074,-0.004185770954599795,0.2699999999999818,0.013523765990161902,-0.27089999999998327,-0.0641084348383512,0.033
0.02,4935.6252,2087.3601,6.1659,279.4257,1996.8678,422.2629,slope,0.0,0.0,0.0,0.0,0.012599999999999945,0.2047681731753684,-0.09269999999997935,-0.03316418525577542,0.38249999999993634,0.019158668486060793,-0.30239999999997735,-0.0715629040056004,0.033
0.03,4935.6252,2087.3601,6.1659,277.5429,1998.7461,422.2674,slope,0.0,0.0,0.0,0.0,0.012599999999999945,0.2047681731753684,-1.975500000000011,-0.7067513265674141,2.2608000000000175,0.11323900055763081,-0.2978999999999701,-0.07049797983884859,0.033
0.04,4935.6252,2087.3601,6.1659,277.5429,1998.7461,422.2674,slope,0.0,0.0,0.0,0.0,0.012599999999999945,0.2047681731753684,-1.975500000000011,-0.7067513265674141,2.2608000000000175,0.11323900055763081,-0.2978999999999701,-0.07049797983884859,0.033
0.05,4935.6252,2087.3601,6.1659,274.6935,2001.5955,422.2674,slope,0.0,0.0,0.0,0.0,0.012599999999999945,0.2047681731753684,-4.824900000000014,-1.7261475452063313,5.11019999999985,0.2559598109738073,-0.2978999999999701,-0.07049797983884859,0.033
0.06,4935.6252,2087.3601,6.1659,273.7584,2002.5783,422.2197,slope,0.0,0.0,0.0,0.0,0.012599999999999945,0.2047681731753684,-5.759999999999991,-2.060687239194268,6.092999999999847,0.3051863191779998,-0.34559999999999036,-0.08178617600640431,0.033
0.07,4935.6252,2087.3601,6.1659,273.7593,2002.5774,422.2197,slope,0.0,0.0,0.0,0.0,0.012599999999999945,0.2047681731753684,-5.7590999999999894,-2.0603652568131436,6.092099999999846,0.30514123995803255,-0.34559999999999036,-0.08178617600640431,0.033
0.08,4935.6252,2087.3601,4.9716,273.4101,2004.1209,422.2197,slope,0.0,0.0,0.0,0.0,-1.1817000000000002,-19.204329384232853,-6.108299999999986,-2.185294420689295,7.63559999999984,0.3824521022017963,-0.34559999999999036,-0.08178617600640431,0.033
0.09,4935.6252,2087.3601,4.9716,272.5335,2004.5331,422.6841,slope,0.0,0.0,0.0,0.0,-1.1817000000000002,-19.204329384232853,-6.984899999999982,-2.4989052599041717,8.047800000000052,0.40309838494678885,0.11880000000002156,0.028113998002207367,0.033
0.1,4935.6252,2087.3601,4.9716,272.5335,2004.6411,422.5761,slope,0.0,0.0,0.0,0.0,-1.1817000000000002,-19.204329384232853,-6.984899999999982,-2.4989052599041717,8.1558,0.4085078913428513,0.010800000000017462,0.0025558180002043383,0.033
0.11,4935.6252,2087.3601,4.9563,272.5479,2004.642,422.5761,slope,0.0,0.0,0.0,0.0,-1.197,-19.452976451660085,-6.970499999999959,-2.4937535418061776,8.1567,0.40855297056281864,0.010800000000017462,0.0025558180002043383,0.033
0.12,4935.6252,2087.3601,4.9491,272.3895,2004.804,422.5797,slope,0.0,0.0,0.0,0.0,-1.2042000000000002,-19.569986836331726,-7.128899999999987,-2.5504224408840304,8.318700000000035,0.416667230156918,0.014400000000023283,0.003407757333605784,0.033
0.13,4935.6252,2087.3601,4.9491,272.3895,2004.8049,422.5788,slope,0.0,0.0,0.0,0.0,-1.2042000000000002,-19.569986836331726,-7.128899999999987,-2.5504224408840304,8.319600000000037,0.4167123093768853,0.013500000000021828,0.0031947725002554233,0.033
0.14,4935.6252,2087.3601,4.9491,272.3094,2005.0137,422.4501,slope,0.0,0.0,0.0,0.0,-1.2042000000000002,-19.569986836331726,-7.209000000000003,-2.5790788728040814,8.52839999999992,0.427170688409272,-0.11519999999995889,-0.02726205866879247,0.033
0.15,4935.6252,2087.3601,4.9311,272.2932,2004.9228,422.5752,slope,0.0,0.0,0.0,0.0,-1.2222,-19.862512798010822,-7.2251999999999725,-2.5848745556643045,8.4375,0.42261768719258785,0.009900000000016007,0.0023428331668539767,0.033
0.16,4935.6252,2087.3601,4.9311,272.2932,2004.9228,422.5752,slope,0.0,0.0,0.0,0.0,-1.2222,-19.862512798010822,-7.2251999999999725,-2.5848745556643045,8.4375,0.42261768719258785,0.009900000000016007,0.0023428331668539767,0.033
0.17,4935.6252,2087.3601,4.9212,272.2698,2004.9561,422.5752,slope,0.0,0.0,0.0,0.0,-1.2321,-20.023402076934328,-7.24860000000001,-2.5932460975735445,8.470800000000054,0.42428561833137735,0.009900000000016007,0.0023428331668539767,0.033
0.18,4935.6252,2087.3601,4.9212,271.2645,2005.7103,422.8263,slope,0.0,0.0,0.0,0.0,-1.2321,-20.023402076934328,-8.253899999999987,-2.9529004172891615,9.224999999999909,0.4620620046638916,0.2610000000000241,0.06176560167151068,0.033
0.19,4935.6252,2087.3601,4.8825,271.9449,2005.1298,422.7651,slope,0.0,0.0,0.0,0.0,-1.2707999999999995,-20.652332894544383,-7.573499999999967,-2.709481737159331,8.64449999999988,0.43298590778504,0.19980000000003884,0.047282633003713,0.033
0.2,4935.6252,2087.3601,4.8825,271.9449,2005.1298,422.7651,slope,0.0,0.0,0.0,0.0,-1.2707999999999995,-20.652332894544383,-7.573499999999967,-2.709481737159331,8.64449999999988,0.43298590778504,0.19980000000003884,0.047282633003713,0.033
-0.2,4935.6252,2087.3601,6.3081,282.9969,1999.6731,415.7442,land_use,0.0,0.0,0.0,0.0,0.15479999999999983,2.515723270440249,3.478499999999997,1.2444619030446644,3.1877999999999247,0.15967059712385184,-6.821100000000001,-1.6142120519597802,0.027
-0.19,4935.6252,2087.3601,6.2361,283.0059,1999.7559,415.7244,land_use,0.0,0.0,0.0,0.0,0.08280000000000065,1.3456194237238661,3.4875000000000114,1.2476817268559104,3.2706000000000586,0.1638178853608418,-6.840899999999976,-1.6188977182934747,0.027
-0.18,4935.6252,2087.3601,6.2361,283.0077,1994.6097,420.8688,land_use,0.0,0.0,0.0,0.0,0.08280000000000065,1.3456194237238661,3.4893000000000143,1.2483256916181598,-1.8756000000000768,-0.09394509441166818,-1.6964999999999577,-0.4014764108647723,0.027
-0.17,4935.6252,2087.3601,6.2361,283.0077,1994.6097,420.8688,land_use,0.0,0.0,0.0,0.0,0.08280000000000065,1.3456194237238661,3.4893000000000143,1.2483256916181598,-1.8756000000000768,-0.09394509441166818,-1.6964999999999577,-0.4014764108647723,0.027
-0.16,4935.6252,2087.3601,6.2352,282.9726,1994.769,420.7455,land_use,0.0,0.0,0.0,0.0,0.08190000000000008,1.330993125639902,3.4542000000000144,1.2357683787543197,-1.7163000000000466,-0.08596607247747061,-1.8197999999999865,-0.4306553330337315,0.027
-0.15,4935.6252,2087.3601,6.2352,282.9726,1994.769,420.7455,land_use,0.0,0.0,0.0,0.0,0.08190000000000008,1.330993125639902,3.4542000000000144,1.2357683787543197,-1.7163000000000466,-0.08596607247747061,-1.8197999999999865,-0.4306553330337315,0.027
-0.14,4935.6252,2087.3601,6.2352,283.1373,1995.0021,420.3477,land_use,0.0,0.0,0.0,0.0,0.08190000000000008,1.330993125639902,3.6188999999999965,1.2946911545000246,-1.4832000000001244,-0.07429055450596728,-2.2176000000000045,-0.5247946293744433,0.027
-0.13,4935.6252,2087.3601,6.2352,283.1373,1995.1047,420.2451,land_use,0.0,0.0,0.0,0.0,0.08190000000000008,1.330993125639902,3.6188999999999965,1.2946911545000246,-1.3805999999999585,-0.0691515234296971,-2.3202,-0.5490749003763441,0.027
-0.12,4935.6252,2087.3601,6.2352,282.3777,1995.8643,420.2451,land_use,0.0,0.0,0.0,0.0,0.08190000000000008,1.330993125639902,2.859300000000019,1.022938024831288,-0.6210000000000946,-0.03110466177737921,-2.3202,-0.5490749003763441,0.027
-0.11,4935.6252,2087.3601,6.2352,282.3777,1995.8643,420.2451,land_use,0.0,0.0,0.0,0.0,0.08190000000000008,1.330993125639902,2.859300000000019,1.022938024831288,-0.6210000000000946,-0.03110466177737921,-2.3202,-0.5490749003763441,0.027
-0.1,4935.6252,2087.3601,6.2055,282.3642,1995.9327,420.2199,land_use,0.0,0.0,0.0,0.0,0.052200000000000024,0.8483252888693875,2.845799999999997,1.0181082891144186,-0.552599999999984,-0.027678641059865755,-2.3453999999999837,-0.5550384757101409,0.027
-0.09,4935.6252,2087.3601,6.2019,282.3165,1996.335,419.8689,land_use,0.0,0.0,0.0,0.0,0.04860000000000042,0.7898200965335743,2.7981000000000336,1.0010432229148543,-0.15030000000001564,-0.007528229734524749,-2.696399999999983,-0.6381025607166474,0.027
-0.08,4935.6252,2087.3601,6.2019,282.3165,1996.335,419.8689,land_use,0.0,0.0,0.0,0.0,0.04860000000000042,0.7898200965335743,2.7981000000000336,1.0010432229148543,-0.15030000000001564,-0.007528229734524749,-2.696399999999983,-0.6381025607166474,0.027
-0.07,4935.6252,2087.3601,6.2019,280.4256,1997.4285,420.6663,land_use,0.0,0.0,0.0,0.0,0.04860000000000042,0.7898200965335743,0.9071999999999889,0.3245582401730938,0.9431999999999334,0.04724302252563209,-1.899000000000001,-0.44939799836853644,0.027
-0.06,4935.6252,2087.3601,6.2019,280.4256,1997.4285,420.6663,land_use,0.0,0.0,0.0,0.0,0.04860000000000042,0.7898200965335743,0.9071999999999889,0.3245582401730938,0.9431999999999334,0.04724302252563209,-1.899000000000001,-0.44939799836853644,0.027
-0.05,4935.6252,2087.3601,6.2019,279.7164,1998.1575,420.6465,land_use,0.0,0.0,0.0,0.0,0.04860000000000042,0.7898200965335743,0.19800000000003593,0.07083612384731593,1.6721999999999753,0.08375719069907378,-1.918799999999976,-0.45408366470223094,0.027
-0.04,4935.6252,2087.3601,6.2019,279.7164,1998.1575,420.6465,land_use,0.0,0.0,0.0,0.0,0.04860000000000042,0.7898200965335743,0.19800000000003593,0.07083612384731593,1.6721999999999753,0.08375719069907378,-1.918799999999976,-0.45408366470223094,0.027
-0.03,4935.6252,2087.3601,6.2019,279.585,1998.2574,420.678,land_use,0.0,0.0,0.0,0.0,0.04860000000000042,0.7898200965335743,0.066599999999994,0.023826696203181615,1.7720999999999094,0.08876098411543072,-1.887299999999982,-0.4466291955349817,0.027
-0.02,4935.6252,2087.3601,6.2019,279.585,1998.2574,420.678,land_use,0.0,0.0,0.0,0.0,0.04860000000000042,0.7898200965335743,0.066599999999994,0.023826696203181615,1.7720999999999094,0.08876098411543072,-1.887299999999982,-0.4466291955349817,0.027
-0.01,4935.6252,2087.3601,6.2019,279.576,1998.3375,420.6069,land_use,0.0,0.0,0.0,0.0,0.04860000000000042,0.7898200965335743,0.05760000000003629,0.020606872391955695,1.852200000000039,0.09277303469251884,-1.9583999999999833,-0.46345499736963336,0.027
0.0,4935.6252,2087.3601,6.1533,279.5184,1996.4853,422.5653,land_use,0.0,0.0,0.0,0.0,0.0,0.0,0.0,0.0,0.0,0.0,0.0,0.0,0.027
0.01,4935.6252,2087.3601,6.1533,279.5229,1997.442,421.6041,land_use,0.0,0.0,0.0,0.0,0.0,0.0,0.004500000000007276,0.0016099119056231276,0.9566999999999553,0.04791921082514132,-0.9611999999999625,-0.22746780201780945,0.027
0.02,4935.6252,2087.3601,6.1515,279.459,1997.8812,421.2306,land_use,0.0,0.0,0.0,0.0,-0.0017999999999993577,-0.029252596167899464,-0.059399999999982356,-0.02125083715418461,1.3958999999999833,0.0699178701691409,-1.334699999999998,-0.315856507858075,0.027
0.03,4935.6252,2087.3601,6.1515,279.459,1997.8812,421.2306,land_use,0.0,0.0,0.0,0.0,-0.0017999999999993577,-0.029252596167899464,-0.059399999999982356,-0.02125083715418461,1.3958999999999833,0.0699178701691409,-1.334699999999998,-0.315856507858075,0.027
0.04,4935.6252,2087.3601,6.1515,279.414,1997.3439,421.8129,land_use,0.0,0.0,0.0,0.0,-0.0017999999999993577,-0.029252596167899464,-0.10439999999999827,-0.03734995621039555,0.858600000000024,0.04300557584871895,-0.752399999999966,-0.1780553206806063,0.027
0.05,4935.6252,2087.3601,6.1515,279.414,1997.5023,421.6545,land_use,0.0,0.0,0.0,0.0,-0.0017999999999993577,-0.029252596167899464,-0.10439999999999827,-0.03734995621039555,1.0170000000000528,0.05093951856294923,-0.9107999999999947,-0.21554065135021613,0.027
0.06,4935.6252,2087.3601,6.1425,276.5259,2000.4129,421.641,land_use,0.0,0.0,0.0,0.0,-0.010799999999999699,-0.17551557700745452,-2.992500000000007,-1.0705914172376514,3.927599999999984,0.19672571593690089,-0.9242999999999597,-0.2187354238504581,0.027
0.07,4935.6252,2087.3601,6.1425,276.5259,2000.4129,421.641,land_use,0.0,0.0,0.0,0.0,-0.010799999999999699,-0.17551557700745452,-2.992500000000007,-1.0705914172376514,3.927599999999984,0.19672571593690089,-0.9242999999999597,-0.2187354238504581,0.027
0.08,4935.6252,2087.3601,6.1425,272.484,2004.5376,421.5582,land_use,0.0,0.0,0.0,0.0,-0.010799999999999699,-0.17551557700745452,-7.034400000000005,-2.516614290866006,8.05230000000006,0.40332378104662525,-1.00709999999998,-0.23833002851866444,0.027
0.09,4935.6252,2087.3601,6.1425,270.9891,2006.2863,421.3044,land_use,0.0,0.0,0.0,0.0,-0.010799999999999699,-0.17551557700745452,-8.529299999999978,-3.0514270259131346,9.80099999999993,0.49091270544290666,-1.2608999999999924,-0.2983917515233722,0.027
0.1,4935.6252,2087.3601,6.1425,270.9891,2006.4645,421.1262,land_use,0.0,0.0,0.0,0.0,-0.010799999999999699,-0.17551557700745452,-8.529299999999978,-3.0514270259131346,9.979199999999992,0.49983839099641714,-1.4390999999999963,-0.34056274852667656,0.027
0.11,4935.6252,2087.3601,6.1425,270.9936,2005.6077,421.9785,land_use,0.0,0.0,0.0,0.0,-0.010799999999999699,-0.17551557700745452,-8.52479999999997,-3.0498171140075114,9.12239999999997,0.45692297358763273,-0.5867999999999824,-0.138866111344207,0.027
0.12,4935.6252,2087.3601,6.1425,270.9936,2005.6077,421.9785,land_use,0.0,0.0,0.0,0.0,-0.010799999999999699,-0.17551557700745452,-8.52479999999997,-3.0498171140075114,9.12239999999997,0.45692297358763273,-0.5867999999999824,-0.138866111344207,0.027
0.13,4935.6252,2087.3601,6.1425,270.6489,2007.3456,420.5853,land_use,0.0,0.0,0.0,0.0,-0.010799999999999699,-0.17551557700745452,-8.86949999999996,-3.1731363659780394,10.860300000000052,0.5439709473443182,-1.9799999999999613,-0.4685666333700286,0.027
0.14,4935.6252,2087.3601,6.1425,270.6489,2007.3483,420.5826,land_use,0.0,0.0,0.0,0.0,-0.010799999999999699,-0.17551557700745452,-8.86949999999996,-3.1731363659780394,10.863000000000056,0.5441061850042199,-1.9826999999999657,-0.46920558787007965,0.027
0.15,4935.6252,2087.3601,6.1425,270.4194,2007.6003,420.5601,land_use,0.0,0.0,0.0,0.0,-0.010799999999999699,-0.17551557700745452,-9.09899999999999,-3.2552418731646973,11.115000000000009,0.5567283665950362,-2.005200000000002,-0.47453020870383866,0.027
0.16,4935.6252,2087.3601,6.1425,270.4194,2007.6003,420.5601,land_use,0.0,0.0,0.0,0.0,-0.010799999999999699,-0.17551557700745452,-9.09899999999999,-3.2552418731646973,11.115000000000009,0.5567283665950362,-2.005200000000002,-0.47453020870383866,0.027
0.17,4935.6252,2087.3601,6.1425,270.3591,2007.6849,420.5358,land_use,0.0,0.0,0.0,0.0,-0.010799999999999699,-0.17551557700745452,-9.159299999999973,-3.2768146927000057,11.199599999999919,0.5609658132719494,-2.0294999999999845,-0.480280799204285,0.027
0.18,4935.6252,2087.3601,6.1002,270.4689,2007.315,420.8382,land_use,0.0,0.0,0.0,0.0,-0.0530999999999997,-0.8629515869533373,-9.049499999999966,-3.237532842202863,10.829700000000003,0.5424382538654305,-1.7271000000000072,-0.4087178951986846,0.027
0.19,4935.6252,2087.3601,6.1002,270.4689,2007.315,420.8382,land_use,0.0,0.0,0.0,0.0,-0.0530999999999997,-0.8629515869533373,-9.049499999999966,-3.237532842202863,10.829700000000003,0.5424382538654305,-1.7271000000000072,-0.4087178951986846,0.027
0.2,4935.6252,2087.3601,6.075,270.4635,2007.3573,420.8265,land_use,0.0,0.0,0.0,0.0,-0.07829999999999959,-1.2724879333040742,-9.054899999999975,-3.2394647364896105,10.871999999999844,0.5445569772038814,-1.7387999999999693,-0.4114866980322258,0.027
-0.2,4935.6252,2087.3601,4.32,204.9174,1666.1538,829.3311,river,0.0,0.0,0.0,0.0,-1.8332999999999995,-29.79376919701623,-74.601,-26.689119571377056,-330.3315,-16.545651500664693,406.7658,96.26105125054045,0.2
-0.19,4935.6252,2087.3601,4.32,211.3398,1677.5415,811.521,river,0.0,0.0,0.0,0.0,-1.8332999999999995,-29.79376919701623,-68.17859999999999,-24.39145329967544,-318.9438,-15.975264130419593,388.9557,92.04629438337696,0.2
-0.18,4935.6252,2087.3601,4.3641,212.6448,1711.9944,775.719,river,0.0,0.0,0.0,0.0,-1.7892000000000001,-29.077080590902444,-66.87359999999998,-23.924578847045485,-284.4909,-14.24958651085485,353.1537000000001,83.5737577127133,0.2
-0.17,4935.6252,2087.3601,4.4559,219.6036,1731.4434,749.2194,river,0.0,0.0,0.0,0.0,-1.6974,-27.58519818633904,-59.914799999999985,-21.43501107619391,-265.04189999999994,-13.275424567363453,326.65409999999997,77.30263227955537,0.2
-0.16,4935.6252,2087.3601,4.4586,224.2593,1742.5476,733.4568,river,0.0,0.0,0.0,0.0,-1.6947,-27.541319292087174,-55.25909999999999,-19.769396218638914,-253.93769999999995,-12.719237151408025,310.89150000000006,73.5724159082632,0.2
-0.15,4935.6252,2087.3601,4.4586,226.2978,1753.7382,720.2277,river,0.0,0.0,0.0,0.0,-1.6947,-27.541319292087174,-53.22059999999999,-19.040106125392818,-242.74710000000005,-12.158722130335747,297.66240000000005,70.44175184285129,0.2
-0.14,4935.6252,2087.3601,4.5207,230.7951,1764.2835,705.123,river,0.0,0.0,0.0,0.0,-1.6326,-26.532104724294282,-48.723299999999995,-17.431160166915667,-232.20180000000005,-11.630528909979954,282.55770000000007,66.86722738473794,0.2
-0.13,4935.6252,2087.3601,4.5468,233.5734,1767.2553,699.3468,river,0.0,0.0,0.0,0.0,-1.6064999999999996,-26.10794207985958,-45.94499999999999,-16.43720055638555,-229.23000000000002,-11.48167732564823,276.78150000000005,65.50029072429754,0.2
-0.12,4935.6252,2087.3601,4.5495,234.7857,1828.7847,636.6024,river,0.0,0.0,0.0,0.0,-1.6037999999999997,-26.064063185607715,-44.732699999999994,-16.003490289011385,-167.70060000000012,-8.399791373369998,214.0371,50.651840082467736,0.2
-0.11,4935.6252,2087.3601,4.6737,237.4659,1846.2537,616.329,river,0.0,0.0,0.0,0.0,-1.4795999999999996,-24.04563405002193,-42.05249999999998,-15.044626758023794,-150.23160000000007,-7.5248037138064605,193.76369999999997,45.85414372642524,0.2
-0.1,4935.6252,2087.3601,4.7511,241.1685,1855.2051,603.5976,river,0.0,0.0,0.0,0.0,-1.4021999999999997,-22.78777241480181,-38.34989999999999,-13.71999124207923,-141.28020000000015,-7.076445792012601,181.03230000000008,42.841260273855916,0.2
-0.09,4935.6252,2087.3601,4.752,243.9486,1866.4659,589.5558,river,0.0,0.0,0.0,0.0,-1.4013,-22.77314611671786,-35.56979999999999,-12.725387666786869,-130.01940000000013,-6.512414591782877,166.9905,39.51827090392893,0.2
-0.08,4935.6252,2087.3601,4.752,247.7151,1875.1689,577.0863,river,0.0,0.0,0.0,0.0,-1.4013,-22.77314611671786,-31.80329999999998,-11.377891401782488,-121.31640000000016,-6.0764985346999625,154.52100000000007,36.56736603786446,0.2
-0.07,4935.6252,2087.3601,4.8024,251.2359,1901.4687,547.2153,river,0.0,0.0,0.0,0.0,-1.3509000000000002,-21.954073424016386,-28.2825,-10.118296326824996,-95.01660000000015,-4.75919356881817,124.64999999999998,29.49839941897737,0.2
-0.06,4935.6252,2087.3601,4.8771,258.1902,1907.1252,534.5298,river,0.0,0.0,0.0,0.0,-1.2761999999999993,-20.74009068304811,-21.32819999999998,-7.630338467879032,-89.3601000000001,-4.475870671324256,111.96450000000004,26.496378192908892,0.2
-0.05,4935.6252,2087.3601,4.8771,258.7077,1932.9102,508.2273,river,0.0,0.0,0.0,0.0,-1.2761999999999993,-20.74009068304811,-20.810699999999997,-7.445198598732676,-63.57510000000002,-3.184351019263704,85.66200000000003,20.27189643825464,0.2
-0.04,4935.6252,2087.3601,4.9428,261.045,1945.2177,493.5168,river,0.0,0.0,0.0,0.0,-1.2104999999999997,-19.672370922919406,-18.47339999999997,-6.609010354953367,-51.26760000000013,-2.5678926862121214,70.95150000000001,16.790659337148604,0.2
-0.03,4935.6252,2087.3601,6.1371,263.9385,1961.1702,473.4765,river,0.0,0.0,0.0,0.0,-0.016199999999999548,-0.2632733655111818,-15.57990000000001,-5.573836999639383,-35.31510000000003,-1.76886351229333,50.91120000000001,12.048126052943772,0.2
-0.02,4935.6252,2087.3601,6.1425,268.4736,1998.1485,431.9577,river,0.0,0.0,0.0,0.0,-0.010799999999999699,-0.17551557700745452,-11.04480000000001,-3.9513677811550183,1.6631999999999607,0.08330639849940095,9.39240000000001,2.2227097208407813,0.2
-0.01,4935.6252,2087.3601,6.1515,271.6551,2001.9699,424.9458,river,0.0,0.0,0.0,0.0,-0.0017999999999993577,-0.029252596167899464,-7.863299999999981,-2.813160063881298,5.4846,0.27471276648017395,2.3805000000000405,0.5633448842108049,0.2
0.0,4935.6252,2087.3601,6.1533,279.5184,1996.4853,422.5653,river,0.0,0.0,0.0,0.0,0.0,0.0,0.0,0.0,0.0,0.0,0.0,0.0,0.2
0.01,4935.6252,2087.3601,6.2163,283.3335,2004.3666,410.8059,river,0.0,0.0,0.0,0.0,0.06300000000000061,1.0238408658768565,3.8151000000000295,1.3648833135850913,7.88130000000001,0.394758729252853,-11.759399999999971,-2.782859832551317,0.2
0.02,4935.6252,2087.3601,6.2163,286.2252,2040.8148,371.466,river,0.0,0.0,0.0,0.0,0.06300000000000061,1.0238408658768565,6.706799999999987,2.399412704136825,44.32950000000005,2.2203769794849,-51.09929999999997,-12.092639883113918,0.2
0.03,4935.6252,2087.3601,6.246,292.158,2047.6269,358.6914,river,0.0,0.0,0.0,0.0,0.09270000000000067,1.506508702647371,12.63960000000003,4.52192056050694,51.141599999999926,2.5615815954167016,-63.87389999999999,-15.115746607684066,0.2
0.04,4935.6252,2087.3601,8.5419,298.6785,2048.2578,349.2441,river,0.0,0.0,0.0,0.0,2.3886000000000003,38.81819511481645,19.1601,6.85468291175107,51.77249999999981,2.5931821286137096,-73.32119999999998,-17.351448403359193,0.2
0.05,4935.6252,2087.3601,8.5419,300.4848,2047.581,348.1146,river,0.0,0.0,0.0,0.0,2.3886000000000003,38.81819511481645,20.96640000000002,7.500901550667155,51.09569999999985,2.5592825551983704,-74.45069999999998,-17.618744369213466,0.2
0.06,4935.6252,2087.3601,8.5635,304.2279,2054.4138,337.5171,river,0.0,0.0,0.0,0.0,2.4101999999999997,39.16922626883135,24.70949999999999,8.840026273762296,57.92849999999976,2.9015239931894192,-85.04819999999995,-20.12664078190991,0.2
0.07,4935.6252,2087.3601,8.6562,307.4949,2065.0446,323.5266,river,0.0,0.0,0.0,0.0,2.5029000000000003,40.675734971478725,27.976499999999987,10.008822317242796,68.55930000000012,3.4339997394421147,-99.0387,-23.43749001633594,0.2
0.08,4935.6252,2087.3601,8.6562,312.0561,2064.4938,319.5162,river,0.0,0.0,0.0,0.0,2.5029000000000003,40.675734971478725,32.53770000000003,11.640629024779775,68.00850000000014,3.406411256822183,-103.04909999999995,-24.386550433743604,0.2
0.09,4935.6252,2087.3601,8.6967,319.653,2064.4092,311.9634,river,0.0,0.0,0.0,0.0,2.5434,41.333918385256695,40.134600000000034,14.358482303848346,67.9239,3.4021738101452583,-110.6019,-26.173919155216957,0.2
0.1,4935.6252,2087.3601,8.6985,323.5239,2065.1985,307.3014,river,0.0,0.0,0.0,0.0,2.5451999999999995,41.363170981424595,44.00550000000004,15.743328525063124,68.71319999999992,3.441708286056497,-115.26389999999998,-27.27718059197004,0.2
0.11,4935.6252,2087.3601,8.721,328.1121,2062.6434,305.2458,river,0.0,0.0,0.0,0.0,2.5677000000000003,41.72882843352348,48.59370000000001,17.3847947040338,66.15809999999988,3.3137283805695876,-117.3195,-27.763637951341487,0.2
0.12,4935.6252,2087.3601,8.7399,331.9344,2063.5236,300.5244,river,0.0,0.0,0.0,0.0,2.5866000000000007,42.03598069328654,52.416,18.75225387666787,67.03829999999994,3.3578158576975214,-122.04089999999997,-28.88095638709567,0.2
0.13,4935.6252,2087.3601,8.7696,337.2291,2063.3769,295.3467,river,0.0,0.0,0.0,0.0,2.6163000000000007,42.51864853005706,57.71070000000003,20.64647622482099,66.89160000000015,3.350467944842877,-127.21859999999998,-30.10625813335832,0.2
0.14,4935.6252,2087.3601,8.7696,342.0747,2069.6643,284.2137,river,0.0,0.0,0.0,0.0,2.6163000000000007,42.51864853005706,62.55630000000002,22.380029364793167,73.17899999999986,3.6653913755337872,-138.35159999999996,-32.74088052189803,0.2
0.15,4935.6252,2087.3601,8.7696,346.3362,2072.9313,276.6852,river,0.0,0.0,0.0,0.0,2.6163000000000007,42.51864853005706,66.81780000000003,23.90461593941581,76.44600000000014,3.8290289440147713,-145.88009999999997,-34.52249865287092,0.2
0.16,4935.6252,2087.3601,8.7786,350.433,2073.1698,272.3409,river,0.0,0.0,0.0,0.0,2.625300000000001,42.664911510896616,70.91460000000001,25.370279738292723,76.68450000000007,3.840974937306078,-150.2244,-35.55057644345146,0.2
0.17,4935.6252,2087.3601,8.8236,355.7421,2069.4942,270.6624,river,0.0,0.0,0.0,0.0,2.670300000000001,43.39622641509436,76.22370000000001,27.269653804543818,73.00890000000004,3.6568714029599936,-151.9029,-35.947793157649244,0.2
0.18,4935.6252,2087.3601,8.8524,359.3205,2068.938,267.6114,river,0.0,0.0,0.0,0.0,2.6990999999999996,43.864267953780896,79.8021,28.549855751893254,72.45270000000005,3.629012445020259,-154.95389999999998,-36.6698117427058,0.2
0.19,4935.6252,2087.3601,8.8623,361.6542,2069.5509,264.6549,river,0.0,0.0,0.0,0.0,2.7089999999999996,44.0251572327044,82.13580000000002,29.384756066148064,73.06560000000013,3.6597113938179326,-157.91039999999998,-37.36946692026061,0.2
0.2,4935.6252,2087.3601,8.8641,368.883,2063.403,263.5722,river,0.0,0.0,0.0,0.0,2.7108000000000008,44.05440982887232,89.3646,31.97091855133687,66.91769999999974,3.3517752422219056,-158.99309999999997,-37.62568767478067,0.2
-0.2,4935.6252,2087.3601,4.3119,282.8133,2115.0657,302.5314,flood_hazard,0.0,0.0,0.0,0.0,-1.8414000000000001,-29.925405879771834,3.294900000000041,1.1787774972953626,118.58040000000005,5.939457705999641,-120.03389999999996,-28.40600020872513,0.218
-0.19,4935.6252,2087.3601,4.302,282.2265,2115.1845,303.0093,flood_hazard,0.0,0.0,0.0,0.0,-1.8513000000000002,-30.086295158695336,2.7081000000000017,0.9688449848024323,118.69919999999979,5.9454081630352995,-119.55599999999998,-28.292905262216273,0.218
-0.18,4935.6252,2087.3601,4.3083,282.1986,2099.8476,318.3678,flood_hazard,0.0,0.0,0.0,0.0,-1.8449999999999998,-29.983911072107645,2.6802000000000135,0.9588635309875893,103.3623,5.177213175574096,-104.19749999999999,-24.658319081098234,0.218
-0.17,4935.6252,2087.3601,4.3083,285.4215,2095.4268,319.5657,flood_hazard,0.0,0.0,0.0,0.0,-1.8449999999999998,-29.983911072107645,5.903099999999995,2.1118824377930023,98.94150000000013,4.955784047095169,-102.99959999999999,-24.374836267909362,0.218
-0.16,4935.6252,2087.3601,4.3551,284.697,2087.8992,327.771,flood_hazard,0.0,0.0,0.0,0.0,-1.7981999999999996,-29.22334357174199,5.178600000000017,1.8526866209881057,91.41389999999978,4.578741451289413,-94.79429999999996,-22.433053542257248,0.218
-0.15,4935.6252,2087.3601,4.4442,286.2135,2080.0503,334.0143,flood_hazard,0.0,0.0,0.0,0.0,-1.7090999999999994,-27.77534006143044,6.695100000000025,2.3952269331822253,83.56499999999983,4.185605573955382,-88.55099999999999,-20.955577753308184,0.218
-0.14,4935.6252,2087.3601,4.4388,285.6042,2078.2224,336.4569,flood_hazard,0.0,0.0,0.0,0.0,-1.7145000000000001,-27.86309784993419,6.085800000000006,2.1772448611611996,81.73710000000005,4.094049678201991,-86.10839999999996,-20.37753691559623,0.218
-0.13,4935.6252,2087.3601,4.4982,287.6625,2072.6919,339.8697,flood_hazard,0.0,0.0,0.0,0.0,-1.6551,-26.897762176393158,8.144100000000037,2.9136185667920387,76.20659999999975,3.8170378715034743,-82.69559999999996,-19.569898427532966,0.218
-0.12,4935.6252,2087.3601,4.5261,288.9693,2069.8875,341.3394,flood_hazard,0.0,0.0,0.0,0.0,-1.6272000000000002,-26.44434693579056,9.45089999999999,3.3811369841842223,73.40219999999977,3.6765710220856507,-81.22589999999997,-19.22209419467239,0.218
-0.11,4935.6252,2087.3601,4.5297,286.3467,2068.2846,345.5613,flood_hazard,0.0,0.0,0.0,0.0,-1.6235999999999997,-26.38584174345473,6.828300000000013,2.4428803255885883,71.7992999999999,3.5962849313240572,-77.00399999999996,-18.22298234142746,0.218
-0.1,4935.6252,2087.3601,4.5306,287.7795,2065.7376,346.6746,flood_hazard,0.0,0.0,0.0,0.0,-1.6227,-26.371215445370776,8.261099999999999,2.9554762763381586,69.25229999999988,3.468710738816853,-75.89069999999998,-17.959520102573492,0.218
-0.09,4935.6252,2087.3601,4.7313,286.4925,2065.3839,348.1146,flood_hazard,0.0,0.0,0.0,0.0,-1.4219999999999997,-23.10955097264882,6.974100000000021,2.4950414713306968,68.89859999999976,3.4509946053697345,-74.45069999999998,-17.618744369213466,0.218
-0.08,4935.6252,2087.3601,4.7322,281.9079,2063.4282,354.654,flood_hazard,0.0,0.0,0.0,0.0,-1.4211,-23.09492467456487,2.389499999999998,0.8548632218844979,66.94289999999978,3.3530374603809894,-67.91129999999998,-16.07119657009224,0.218
-0.07,4935.6252,2087.3601,4.7322,285.4197,2059.5483,355.0221,flood_hazard,0.0,0.0,0.0,0.0,-1.4211,-23.09492467456487,5.901299999999992,2.111238473030753,63.062999999999874,3.158700943102354,-67.54319999999996,-15.984085773252076,0.218
-0.06,4935.6252,2087.3601,4.8591,284.5017,2053.0872,362.2743,flood_hazard,0.0,0.0,0.0,0.0,-1.2942,-21.03261664472722,4.9833000000000425,1.782816444284184,56.60189999999989,2.835077222957759,-60.291,-14.267853986117649,0.218
-0.05,4935.6252,2087.3601,4.8771,283.1616,2049.0912,367.5924,flood_hazard,0.0,0.0,0.0,0.0,-1.2761999999999993,-20.74009068304811,3.6432000000000357,1.3033846787903896,52.60589999999979,2.6349254863033447,-54.97289999999998,-13.009326605852396,0.218
-0.04,4935.6252,2087.3601,4.8879,284.0157,2048.3505,367.4682,flood_hazard,0.0,0.0,0.0,0.0,-1.2653999999999996,-20.564575106040657,4.497299999999996,1.6089459584771506,51.86519999999996,2.59782528827034,-55.097099999999955,-13.038718512854688,0.218
-0.03,4935.6252,2087.3601,4.9428,280.1493,2014.9371,404.6931,flood_hazard,0.0,0.0,0.0,0.0,-1.2104999999999997,-19.672370922919406,0.6308999999999969,0.2257096491679964,18.45180000000005,0.924214167767729,-17.872199999999964,-4.2294528206646325,0.218
-0.02,4935.6252,2087.3601,6.1425,276.5871,2012.5071,409.4856,flood_hazard,0.0,0.0,0.0,0.0,-0.010799999999999699,-0.17551557700745452,-2.9312999999999647,-1.0486966153211972,16.021799999999985,0.8025002738562605,-13.079700000000003,-3.0953085830758,0.218
-0.01,4935.6252,2087.3601,6.1515,276.9246,2003.724,417.9222,flood_hazard,0.0,0.0,0.0,0.0,-0.0017999999999993577,-0.029252596167899464,-2.5937999999999874,-0.9279532223996658,7.238699999999881,0.36257216619625904,-4.643100000000004,-1.0987887552527396,0.218
0.0,4935.6252,2087.3601,6.1533,279.5184,1996.4853,422.5653,flood_hazard,0.0,0.0,0.0,0.0,0.0,0.0,0.0,0.0,0.0,0.0,0.0,0.0,0.218
0.01,4935.6252,2087.3601,6.2271,277.0389,1997.64,423.8163,flood_hazard,0.0,0.0,0.0,0.0,0.07380000000000031,1.199356442884311,-2.479499999999973,-0.8870614599968993,1.154700000000048,0.057836639217932036,1.2510000000000332,0.29604891835653174,0.218
0.02,4935.6252,2087.3601,6.2271,279.3402,1993.7007,425.4543,flood_hazard,0.0,0.0,0.0,0.0,0.07380000000000031,1.199356442884311,-0.1782000000000039,-0.06375251146257417,-2.784599999999955,-0.13947510657854356,2.88900000000001,0.6836813150535574,0.218
0.03,4935.6252,2087.3601,8.5347,275.0463,1993.7961,427.3452,flood_hazard,0.0,0.0,0.0,0.0,2.381400000000001,38.701184730144824,-4.472100000000012,-1.5999304518056816,-2.689200000000028,-0.134696709262023,4.779899999999998,1.1311624499219406,0.218
0.04,4935.6252,2087.3601,8.5527,275.8329,1985.9571,434.3796,flood_hazard,0.0,0.0,0.0,0.0,2.3994,38.9937106918239,-3.6854999999999905,-1.318517850703206,-10.52819999999997,-0.5273367151764138,11.814300000000003,2.795851907385676,0.218
0.05,4935.6252,2087.3601,8.5527,277.0812,1981.3779,437.7105,flood_hazard,0.0,0.0,0.0,0.0,2.3994,38.9937106918239,-2.4371999999999616,-0.8719282880840623,-15.107400000000098,-0.7566997863695815,15.145200000000045,3.5841087756140992,0.218
0.06,4935.6252,2087.3601,8.6769,275.5422,1971.0171,449.4861,flood_hazard,0.0,0.0,0.0,0.0,2.5236,41.01213982740968,-3.9762000000000057,-1.4225181598062975,-25.468200000000024,-1.2756517666320921,26.920800000000042,6.370802335165723,0.218
0.07,4935.6252,2087.3601,8.6769,277.8075,1967.4261,450.8118,flood_hazard,0.0,0.0,0.0,0.0,2.5236,41.01213982740968,-1.710899999999981,-0.6120885065169166,-29.059200000000146,-1.4555178543012637,28.246500000000026,6.684528994690295,0.218
0.08,4935.6252,2087.3601,8.6778,277.9488,1938.4875,479.6082,flood_hazard,0.0,0.0,0.0,0.0,2.5244999999999997,41.02676612549364,-1.56959999999998,-0.5615372726804317,-57.9978000000001,-2.9049950931269115,57.04290000000003,13.499191722557443,0.218
0.09,4935.6252,2087.3601,8.7192,279.9261,1930.4469,485.6301,flood_hazard,0.0,0.0,0.0,0.0,2.565900000000001,41.69957583735558,0.4077000000000339,0.14585801864923165,-66.03840000000014,-3.307732844313962,63.06480000000005,14.924273242502414,0.218
0.1,4935.6252,2087.3601,8.7417,280.2033,1907.2413,508.536,flood_hazard,0.0,0.0,0.0,0.0,2.5884,42.06523328945444,0.6849000000000274,0.24502859203545366,-89.24400000000014,-4.470055451948489,85.97070000000002,20.344950236093695,0.218
0.11,4935.6252,2087.3601,8.7606,281.6433,1897.488,516.8304,flood_hazard,0.0,0.0,0.0,0.0,2.6073000000000004,42.3723855492175,2.124900000000025,0.7602004018340207,-98.9973,-4.9585789587331295,94.26510000000007,22.307818460247464,0.218
0.12,4935.6252,2087.3601,8.7903,282.0339,1894.6854,519.2127,flood_hazard,0.0,0.0,0.0,0.0,2.6370000000000005,42.855053385988015,2.5155000000000314,0.8999407552418844,-101.79989999999998,-5.0989556497110184,96.64740000000006,22.871589314124957,0.218
0.13,4935.6252,2087.3601,9.1107,283.8942,1886.8806,524.8368,flood_hazard,0.0,0.0,0.0,0.0,2.9574,48.06201550387597,4.375800000000027,1.5654783370254075,-109.6047000000001,-5.489882645266664,102.27150000000006,24.202531537729215,0.218
0.14,4935.6252,2087.3601,9.1197,283.2183,1883.8872,528.4971,flood_hazard,0.0,0.0,0.0,0.0,2.9664,48.20827848471552,3.6999000000000137,1.3236695688012001,-112.59810000000016,-5.639816130877605,105.93180000000007,25.068740854963735,0.218
0.15,4935.6252,2087.3601,9.1647,284.7015,1864.3977,546.4584,flood_hazard,0.0,0.0,0.0,0.0,3.0114,48.93959338891327,5.1831000000000245,1.8542965328937289,-132.08760000000007,-6.61600663926752,123.8931,29.319279174130013,0.218
0.16,4935.6252,2087.3601,9.1755,285.1083,1860.7419,549.6966,flood_hazard,0.0,0.0,0.0,0.0,3.0221999999999998,49.115108965920726,5.5899,1.9998325691618155,-135.74340000000007,-6.799118430774325,127.13130000000001,30.085598604523376,0.218
0.17,4935.6252,2087.3601,9.2034,285.4107,1848.6072,561.501,flood_hazard,0.0,0.0,0.0,0.0,3.0501000000000005,49.56852420652334,5.892300000000034,2.108018649219527,-147.87810000000013,-7.406921553592212,138.9357,32.879107678742194,0.218
0.18,4935.6252,2087.3601,9.3033,290.3454,1840.4487,564.6249,flood_hazard,0.0,0.0,0.0,0.0,3.1500000000000004,51.19204329384234,10.826999999999998,3.8734480449229816,-156.03660000000013,-7.815564682594965,142.05960000000005,33.61837803530012,0.218
0.19,4935.6252,2087.3601,9.3033,290.4525,1814.9697,589.9968,flood_hazard,0.0,0.0,0.0,0.0,3.1500000000000004,51.19204329384234,10.9341,3.911763948276751,-181.51559999999995,-9.091757399866653,167.43150000000003,39.622633472270444,0.218
0.2,4935.6252,2087.3601,9.3753,290.0691,1809.7218,595.5561,flood_hazard,0.0,0.0,0.0,0.0,3.2219999999999995,52.362147140558726,10.550700000000006,3.774599453917884,-186.76350000000002,-9.354614331495455,172.99080000000004,40.938240787873504,0.218
-0.2,4935.6252,2087.3601,6.2649,309.3093,2051.631,337.5171,road,0.0,0.0,0.0,0.0,0.11160000000000014,1.8136609624104163,29.790900000000022,10.657938797589004,55.145699999999806,2.76213904505081,-85.04819999999995,-20.12664078190991,0.157
-0.19,4935.6252,2087.3601,6.2649,308.4345,2049.6141,340.4088,road,0.0,0.0,0.0,0.0,0.11160000000000014,1.8136609624104163,28.91610000000003,10.344971923136377,53.12879999999973,2.66111651310429,-82.1565,-19.442320512356314,0.157
-0.18,4935.6252,2087.3601,6.2649,305.325,2051.4249,341.7075,road,0.0,0.0,0.0,0.0,0.11160000000000014,1.8136609624104163,25.806600000000003,9.232522796352585,54.93959999999993,2.751815903678325,-80.8578,-19.134983397832244,0.157
-0.17,4935.6252,2087.3601,6.2568,303.3783,2051.379,343.7082,road,0.0,0.0,0.0,0.0,0.10350000000000037,1.6820242796548253,23.85990000000004,8.536074905981158,54.89369999999985,2.749516863459994,-78.8571,-18.661518113295152,0.157
-0.16,4935.6252,2087.3601,6.2415,302.4909,2050.1469,345.843,road,0.0,0.0,0.0,0.0,0.0882000000000005,1.4333772122275934,22.972500000000025,8.218600278192786,53.661600000000135,2.6878034113248983,-76.72229999999996,-18.156318088588904,0.157
-0.15,4935.6252,2087.3601,6.2415,300.1401,2051.424,346.9167,road,0.0,0.0,0.0,0.0,0.0882000000000005,1.4333772122275934,20.621700000000033,7.377582298696628,54.938699999999926,2.751770824458358,-75.64859999999999,-17.90222718240234,0.157
-0.14,4935.6252,2087.3601,6.2289,299.2068,2051.2314,348.0552,road,0.0,0.0,0.0,0.0,0.07560000000000056,1.2286090390522248,19.6884,7.043686569470919,54.74610000000007,2.7421238713853824,-74.51009999999997,-17.63280136821456,0.157
-0.13,4935.6252,2087.3601,6.2271,298.3473,2050.9866,349.1613,road,0.0,0.0,0.0,0.0,0.07380000000000031,1.199356442884311,18.828900000000033,6.73619339549741,54.50130000000013,2.7298623235543045,-73.404,-17.3710430080274,0.157
-0.12,4935.6252,2087.3601,6.2271,294.7788,2048.1876,355.5288,road,0.0,0.0,0.0,0.0,0.07380000000000031,1.199356442884311,15.260400000000004,5.459533254340324,51.70230000000015,2.5896659494562844,-67.03649999999999,-15.864175312076027,0.157
-0.11,4935.6252,2087.3601,6.2271,293.9697,2048.985,355.5405,road,0.0,0.0,0.0,0.0,0.07380000000000031,1.199356442884311,14.451300000000003,5.170071093709754,52.499700000000075,2.6296061383472282,-67.02479999999997,-15.861406509242471,0.157
-0.1,4935.6252,2087.3601,6.2271,293.2371,2048.2047,357.0534,road,0.0,0.0,0.0,0.0,0.07380000000000031,1.199356442884311,13.718700000000013,4.907977435474735,51.71939999999972,2.59052245463564,-65.51189999999997,-15.50337900438109,0.157
-0.09,4935.6252,2087.3601,6.2271,289.1511,2046.3462,362.9979,road,0.0,0.0,0.0,0.0,0.07380000000000031,1.199356442884311,9.6327,3.446177425171295,49.8608999999999,2.497433865403362,-59.567399999999964,-14.096614180104227,0.157
-0.08,4935.6252,2087.3601,6.1884,289.3986,2042.1612,366.9741,road,0.0,0.0,0.0,0.0,0.03509999999999991,0.5704256252742416,9.880200000000002,3.5347225799804245,45.675899999999956,2.2878154925558407,-55.59119999999996,-13.15564718636385,0.157
-0.07,4935.6252,2087.3601,6.1884,288.7632,2041.4871,368.2836,road,0.0,0.0,0.0,0.0,0.03509999999999991,0.5704256252742416,9.244799999999998,3.307403018906805,45.0018,2.2540511568004034,-54.2817,-12.845754253839583,0.157
-0.06,4935.6252,2087.3601,6.1884,288.0522,2042.1432,368.3385,road,0.0,0.0,0.0,0.0,0.03509999999999991,0.5704256252742416,8.533800000000042,3.053036937818778,45.65789999999993,2.286913908156495,-54.22679999999997,-12.832762179005227,0.157
-0.05,4935.6252,2087.3601,6.183,285.3972,2008.2132,404.9289,road,0.0,0.0,0.0,0.0,0.02970000000000006,0.48266783677051434,5.8788000000000125,2.103188913502658,11.727899999999863,0.5874273153926985,-17.63639999999998,-4.173650794326932,0.157
-0.04,4935.6252,2087.3601,6.1677,284.3145,2005.6914,408.5487,road,0.0,0.0,0.0,0.0,0.01440000000000019,0.23402076934328234,4.796100000000024,1.7158441090103635,9.206099999999878,0.4611153410445786,-14.016599999999983,-3.3170257945931634,0.157
-0.03,4935.6252,2087.3601,6.1677,283.5504,2004.9921,410.0121,road,0.0,0.0,0.0,0.0,0.01440000000000019,0.23402076934328234,4.032000000000039,1.442481067436004,8.506799999999885,0.4260887871300572,-12.553200000000004,-2.9707124555660402,0.157
-0.02,4935.6252,2087.3601,6.1677,280.8531,2001.9996,415.7019,road,0.0,0.0,0.0,0.0,0.01440000000000019,0.23402076934328234,1.334699999999998,0.47749987120704684,5.514300000000048,0.27620038073909425,-6.863399999999956,-1.6242223391272206,0.157
-0.01,4935.6252,2087.3601,6.1677,280.5408,1998.9828,419.031,road,0.0,0.0,0.0,0.0,0.01440000000000019,0.23402076934328234,1.0224000000000046,0.3657719849569848,2.4974999999999454,0.1250948354090033,-3.5342999999999734,-0.8363914405655111,0.157
0.0,4935.6252,2087.3601,6.1533,279.5184,1996.4853,422.5653,road,0.0,0.0,0.0,0.0,0.0,0.0,0.0,0.0,0.0,0.0,0.0,0.0,0.157
0.01,4935.6252,2087.3601,6.1533,274.5981,2000.5884,423.3825,road,0.0,0.0,0.0,0.0,0.0,0.0,-4.9202999999999975,-1.7602776776054807,4.10310000000004,0.20551616383050955,0.8172000000000139,0.19339022868181888,0.157
0.02,4935.6252,2087.3601,6.1443,272.8998,2001.1923,424.4859,road,0.0,0.0,0.0,0.0,-0.008999999999999453,-0.14626298083954062,-6.618599999999958,-2.3678584307866526,4.70699999999988,0.23576432042849899,1.9206000000000358,0.45450963436894515,0.157
0.03,4935.6252,2087.3601,6.1443,272.457,2001.1932,424.9278,road,0.0,0.0,0.0,0.0,-0.008999999999999453,-0.14626298083954062,-7.061399999999992,-2.526273762299724,4.707899999999881,0.23580939964846628,2.3625000000000114,0.5590851875437978,0.157
0.04,4935.6252,2087.3601,6.1389,271.1907,2001.8457,425.547,road,0.0,0.0,0.0,0.0,-0.01440000000000019,-0.23402076934328234,-8.327699999999993,-2.97930297254134,5.360400000000027,0.2684918341247004,2.981700000000046,0.7056187528886179,0.157
0.05,4935.6252,2087.3601,4.9446,271.8459,1998.9756,428.9562,road,0.0,0.0,0.0,0.0,-1.2086999999999994,-19.64311832675149,-7.672500000000014,-2.7448997990829995,2.490299999999934,0.12473420164926502,6.390900000000045,1.5124053016184824,0.157
0.06,4935.6252,2087.3601,4.9446,269.8533,1996.4151,433.5093,road,0.0,0.0,0.0,0.0,-1.2086999999999994,-19.64311832675149,-9.665099999999995,-3.457768790891761,-0.0702000000001135,-0.0035161791574480163,10.944000000000017,2.5898955735362126,0.157
0.07,4935.6252,2087.3601,4.9446,269.0847,1994.1903,436.5027,road,0.0,0.0,0.0,0.0,-1.2086999999999994,-19.64311832675149,-10.433699999999988,-3.732741744371744,-2.2950000000000728,-0.11495201091638754,13.937400000000025,3.2982831292583716,0.157
0.08,4935.6252,2087.3601,4.9446,267.9948,1994.5791,437.2038,road,0.0,0.0,0.0,0.0,-1.2086999999999994,-19.64311832675149,-11.523599999999988,-4.122662407913034,-1.9062000000001262,-0.09547778789055578,14.638500000000022,3.4641983144380344,0.157
0.09,4935.6252,2087.3601,4.9446,264.5451,1986.6168,448.6158,road,0.0,0.0,0.0,0.0,-1.2086999999999994,-19.64311832675149,-14.973299999999995,-5.356820874761731,-9.86850000000004,-0.49429364694045275,26.0505,6.1648460013162465,0.157
0.1,4935.6252,2087.3601,4.9329,263.9682,1986.3648,449.4564,road,0.0,0.0,0.0,0.0,-1.2203999999999997,-19.833260201842908,-15.550199999999961,-5.56321158106227,-10.120499999999993,-0.506915828531269,26.891099999999994,6.363773835665161,0.157
0.11,4935.6252,2087.3601,4.9329,261.5985,1988.019,450.1719,road,0.0,0.0,0.0,0.0,-1.2203999999999997,-19.833260201842908,-17.919899999999984,-6.410991190562047,-8.466300000000047,-0.42406022223154094,27.606600000000014,6.53309677817843,0.157
0.12,4935.6252,2087.3601,4.9329,259.4763,1961.7273,478.5858,road,0.0,0.0,0.0,0.0,-1.2203999999999997,-19.833260201842908,-20.042100000000005,-7.170225645252694,-34.75800000000004,-1.740959475133628,56.02050000000003,13.257240951871823,0.157
0.13,4935.6252,2087.3601,4.932,258.7599,1958.6655,482.3649,road,0.0,0.0,0.0,0.0,-1.2212999999999994,-19.847886499926858,-20.75849999999997,-7.426523620627469,-37.81979999999999,-1.8943189814620718,59.7996,14.15156426710854,0.157
0.14,4935.6252,2087.3601,4.9311,256.0059,1958.9067,484.8786,road,0.0,0.0,0.0,0.0,-1.2222,-19.862512798010822,-23.51249999999999,-8.411789706867237,-37.57860000000005,-1.8822377505108627,62.31330000000003,14.746430906655144,0.157
0.15,4935.6252,2087.3601,4.9311,254.2536,1938.1527,507.3849,road,0.0,0.0,0.0,0.0,-1.2222,-19.862512798010822,-25.26479999999998,-9.038689402915866,-58.33259999999996,-2.921764562954706,84.81960000000004,20.072542634239028,0.157
0.16,4935.6252,2087.3601,4.9311,253.7847,1937.7711,508.2354,road,0.0,0.0,0.0,0.0,-1.2222,-19.862512798010822,-25.7337,-9.206442223481531,-58.71420000000012,-2.940878152220811,85.67010000000005,20.273813301754796,0.157
0.17,4935.6252,2087.3601,4.9311,252.9891,1930.7952,516.0069,road,0.0,0.0,0.0,0.0,-1.2222,-19.862512798010822,-26.529299999999978,-9.491074648395232,-65.69010000000003,-3.2902871861866467,93.4416,22.11293733773218,0.157
0.18,4935.6252,2087.3601,4.9311,251.01,1931.0274,517.7538,road,0.0,0.0,0.0,0.0,-1.2222,-19.862512798010822,-28.508399999999995,-10.199113904487145,-65.45790000000011,-3.27865674743511,95.18849999999998,22.526340899264557,0.157
0.19,4935.6252,2087.3601,4.8717,248.5233,1928.3895,522.9378,road,0.0,0.0,0.0,0.0,-1.2816,-20.827848471551853,-30.99509999999998,-11.088751223533041,-68.09580000000005,-3.4107839411589986,100.37250000000006,23.753133539360675,0.157
0.2,4935.6252,2087.3601,4.8717,246.924,1928.7891,524.1375,road,0.0,0.0,0.0,0.0,-1.2816,-20.827848471551853,-32.59439999999998,-11.660913914790576,-67.69620000000009,-3.3907687674935594,101.57220000000007,24.03704232221625,0.157
